SIREN;RAISON_SOCIALE;NOM_CONTACT;PRENOM_CONTACT;TELEPHONE;EMAIL_CONTACT;DATE_FORMATION;NOTE
451658389;HARRYS;Stevenson;Ashton;05 34 55 34 91;arcu@Donec.net;01/10/2019;91
299200097;SHAYA GROUP;Webster;Daquan;01 63 19 51 79;hendrerit@liberoProin.co.uk;30/11/2019;79
790815286;HASCOET ET ASSOCIES;Johnston;Hyacinth;03 88 17 48 04;purus@enim.co.uk;03/10/2019;52
394792923;SHAYNADIS;Hoffman;Zephr;03 21 39 55 58;interdum.Nunc.sollicitudin@tempusrisusDonec.org;28/11/2019;80
443937438;HASSELBAD FRANCE SAS;Davidson;Beverly;09 04 15 51 28;sapien.gravida@accumsan.org;01/11/2019;76
847922606;SHEFOB;Torres;Constance;05 55 28 01 36;imperdiet.erat@semut.org;16/11/2019;50
439263179;HATSLAHA AIDA OPERA;Durham;Lee;07 30 12 43 30;mus.Aenean@inconsectetueripsum.org;08/11/2019;69
834209959;SHEMEN;Daniels;Melissa;04 09 77 59 33;elit.elit.fermentum@suscipitnonummyFusce.org;08/10/2019;60
399780329;HAUSSMANN AUDIT CONSULTANTS;Gaines;Rhea;05 81 21 13 09;gravida.sit@dui.ca;19/11/2019;76
342805843;SHEN;Briggs;Darius;01 42 83 98 51;consequat@miloremvehicula.co.uk;11/10/2019;83
877877837;HAUSSMANN EXECUTIVE SEARCH;Rhodes;August;04 92 48 35 03;at@in.com;03/11/2019;65
784671257;SHEN NONG;Abbott;Forrest;08 60 19 58 60;sit@pharetraQuisque.ca;31/10/2019;99
410963656;HAUSSMANN SERVICES DE SANTE;Cardenas;Jemima;04 79 33 74 65;Cras.pellentesque.Sed@amet.edu;29/10/2019;70
793577016;SHENKUO BUSINESS PARTNERS;Rollins;Louis;06 53 22 21 72;dolor.egestas.rhoncus@Aeneaneuismodmauris.ca;26/10/2019;69
831430178;HAUT COMME 3 POMMES;Sloan;John;08 40 78 72 79;magna.Lorem.ipsum@ut.ca;28/10/2019;87
750580243;SHEPALI;Wilkins;Rama;04 89 76 20 66;magna@hendrerit.com;28/11/2019;92
505099598;HAUTES ETUDES APPLIQUEES DU DROIT (HEAD);Barnett;Zephania;01 69 34 39 05;eu@faucibusleoin.co.uk;29/11/2019;97
785355041;SHERFI SAS;Henry;Vernon;07 52 27 15 60;odio.Nam@arcuVestibulumut.com;14/10/2019;82
477855548;HAVRE TRONCHET;Payne;Ori;04 65 47 35 57;non.ante@sempereratin.org;22/10/2019;89
533866893;SHERPA - SOCIETE DES HOTELS ECONOMIQUES DE LA REGION PARISIENNE;Herring;Bernard;03 60 67 69 49;mauris.sagittis@aultriciesadipiscing.com;09/11/2019;69
818689556;HAWAI IVRY;Obrien;Thor;06 28 93 78 90;Pellentesque.habitant@quam.edu;01/10/2019;65
833524713;HAWAII;Guthrie;Chadwick;09 29 07 70 57;dui@ametmetus.edu;23/10/2019;57
499680494;SHIGERU BAN ARCHITECTS EUROPE;Donaldson;Damian;05 34 62 34 28;accumsan@velit.co.uk;24/10/2019;98
531056257;SHINETIME;Bauer;Abraham;03 42 23 89 08;diam.eu@vitaealiquetnec.edu;17/10/2019;54
802615591;HAXO EXOTIQUE;Jacobson;Beck;01 88 92 23 98;egestas.ligula@telluslorem.net;08/10/2019;60
389005067;SHINICHI;Baker;Deanna;08 84 62 17 23;a@scelerisqueloremipsum.org;15/10/2019;77
812592830;HAXO-BLUN;Mckenzie;Thomas;01 03 57 78 61;ut.mi.Duis@risusDonec.edu;26/11/2019;95
821287810;SHINIE;Baldwin;Daphne;08 13 76 66 70;pellentesque@bibendumullamcorper.org;19/10/2019;58
790626246;HAY;Adams;Garrison;02 03 05 84 04;nascetur@Aeneanegetmagna.org;17/11/2019;87
831558721;SHINSEGAE POIRET;Strong;Cherokee;03 43 24 28 80;Duis@turpisIncondimentum.org;27/11/2019;70
790932412;HAYA;Jarvis;Freya;03 62 37 24 82;dolor@pedeultrices.org;02/11/2019;88
853412237;SHINZZO AND CO;Morin;Henry;01 48 62 73 55;pellentesque@vel.com;30/11/2019;61
504472044;HAYS FINANCE;Foley;Colt;07 52 80 73 87;sit.amet.dapibus@tristique.ca;02/10/2019;75
452796394;SHIPLEADER RETURNS;Jarvis;Hayley;06 68 25 67 21;tincidunt.Donec.vitae@urna.org;06/10/2019;96
803672310;HAYS MEDIAS;Ray;Alexa;03 11 94 43 13;ligula.eu@sociis.edu;20/11/2019;74
352779730;SHIPTON & HENEAGE;Mccall;Olivia;09 72 88 18 54;eu.ligula.Aenean@diamatpretium.edu;09/10/2019;84
433919834;HAYS PHARMA TECHNOLOGY CONSULTING;Arnold;Demetrius;05 92 36 59 15;at.arcu@enim.org;28/11/2019;79
851638882;SHIRO;Perkins;Felix;08 63 83 11 79;nisi@pellentesque.ca;08/10/2019;89
808326839;HAZA;Sanchez;Quinn;05 12 98 65 50;vestibulum.nec@ante.com;23/10/2019;96
433174182;SHIRYU;Leach;Cooper;03 23 22 85 54;magnis@Proinsed.com;29/10/2019;97
753435676;HB 75;Mckay;Jason;03 98 07 60 15;Cras.pellentesque.Sed@Innec.edu;10/11/2019;99
411107402;SHIVA GROUPE;Santos;Catherine;09 33 34 40 82;in.felis.Nulla@Pellentesquehabitant.com;07/11/2019;89
328896501;HB DIFFUSION;Blackwell;Paula;02 42 25 94 28;iaculis.lacus@Duissitamet.net;15/10/2019;61
530971399;SHIVAS;Campos;Kasimir;08 82 83 24 64;posuere.at@tempordiam.ca;26/11/2019;90
419607007;HBA;Lucas;Shaine;02 93 65 47 97;Duis@fringillapurus.co.uk;02/11/2019;53
477950562;SHOC;Burnett;Aristotle;06 55 22 62 86;Pellentesque.habitant@musProin.co.uk;28/11/2019;81
38891867;HBC LEGAL;Cline;Adrian;05 76 05 88 18;laoreet.libero@Donecluctusaliquet.edu;15/11/2019;90
352369656;SHOJI HOME;Hunter;Quemby;08 94 28 42 55;leo.elementum.sem@ametmassaQuisque.edu;05/10/2019;66
424005320;HBE;Roberson;Gabriel;02 85 10 38 06;porttitor.vulputate.posuere@Sedeu.ca;31/10/2019;71
839932696;SHOP IN STORE;Pitts;Zahir;03 38 75 71 81;arcu.Nunc.mauris@arcuiaculisenim.ca;17/11/2019;85
453741498;HBH COMMUNICATION;Finley;Ina;07 64 40 52 81;in@Donectempus.com;04/10/2019;52
316917392;SHOP SOUVENIRS;Tate;Flynn;07 92 26 03 18;pharetra@orcilacus.com;12/10/2019;52
499824290;HBHM;Dunlap;Brett;04 76 41 78 11;Pellentesque@vehiculaaliquet.ca;19/10/2019;51
521821447;SHORTLINKS;Talley;Cathleen;04 25 28 88 78;quam.a.felis@Sedcongue.org;23/10/2019;68
413914193;HBL CONSEIL;Travis;Cara;05 27 95 21 98;dui.semper@molestiedapibus.edu;03/10/2019;86
441975133;SHOVO PARVEZ;Harrell;Derek;09 84 86 36 50;semper@netusetmalesuada.ca;08/10/2019;72
819666249;HC;Bean;Xerxes;01 17 66 17 38;amet.faucibus.ut@lectusNullam.net;31/10/2019;97
505032094;SHOWROOM 11 ROYALE;Pope;Ryder;03 63 01 02 31;ac.risus.Morbi@sitamet.co.uk;17/10/2019;66
38884110;HCH 588;Blankenship;Ruth;01 36 27 93 05;diam.vel.arcu@tempusscelerisque.net;11/11/2019;61
804451342;SHOWROOM BLB;Taylor;Emery;04 98 13 06 68;amet.lorem.semper@tristique.co.uk;05/10/2019;69
810505305;HCP PACKAGING FRANCE;Mcintyre;Kylynn;06 06 25 37 84;molestie.in.tempus@massa.co.uk;07/10/2019;96
501747539;SHUN JI;Schultz;Jermaine;03 79 96 46 97;mauris@a.org;01/11/2019;61
381994854;HDA;Lewis;Xyla;01 87 07 19 01;odio.Phasellus@pharetra.co.uk;06/11/2019;100
810943019;SIA HOLDING;Nielsen;Lydia;04 46 20 20 03;Phasellus.dolor.elit@pedeblanditcongue.net;07/11/2019;100
790527949;HDF BEAUTY;Pierce;Marshall;04 01 78 91 70;semper.tellus@iaculisenim.net;14/11/2019;60
438915779;SIACKHASONE FRERES;Donaldson;Zelenia;09 27 32 89 09;libero.Proin.sed@vitaeposuere.edu;26/11/2019;54
803048321;HDF PARA;Christensen;Oprah;08 70 58 55 10;Integer@vitaesemperegestas.ca;11/11/2019;87
529251217;SIAE;Pugh;Xander;05 18 87 86 66;tempor@sedpedeCum.net;07/10/2019;71
844262931;HDN;Porter;Jordan;01 28 39 31 27;vestibulum.neque.sed@porttitorvulputate.com;09/10/2019;68
775666357;HDN;Long;Charde;08 66 35 09 45;consectetuer.adipiscing@enimnectempus.net;30/10/2019;91
502752983;SIB FRANCE SYSTEME INFORMATIQ BUREAUTIQ;Mercado;Elmo;02 91 47 14 20;vulputate@orci.co.uk;29/11/2019;86
442326112;SIBIOTECH;Baker;Xantha;04 50 50 01 58;Sed.congue@nisiCumsociis.edu;27/11/2019;60
835053794;HDS;Donovan;TaShya;09 16 73 12 78;malesuada@Nam.edu;16/10/2019;86
791549900;SIBM;Blanchard;Kalia;01 59 86 10 27;commodo.auctor.velit@parturient.com;30/11/2019;83
824193692;HDW SEC;Bird;August;02 06 79 06 93;risus.Duis@malesuadavelconvallis.edu;01/10/2019;86
441330818;SICARA;Walton;Davis;01 14 77 73 33;arcu.ac.orci@nibhsitamet.net;10/10/2019;73
489880625;HEALTH AND BIOTECH FRANCE (H & B FRANCE);Abbott;Geoffrey;03 58 99 64 62;id@Maurisnondui.com;13/11/2019;55
422006262;SICASOV;Brock;Alice;05 35 73 61 22;morbi@antedictummi.com;27/11/2019;86
408182830;HEALTH CITY FRANCE;Meyers;Giselle;05 89 58 35 46;montes@Pellentesque.net;03/11/2019;53
448043307;SICASS EUROPE;Miranda;Valentine;04 22 18 58 25;Cras.vulputate@loremac.ca;28/11/2019;72
391113776;HEALTH CONSULTING SERVICES INTERNATIONAL;Lindsay;Stacy;02 35 12 17 02;mollis.lectus.pede@feugiat.edu;09/11/2019;97
844162453;SICCA IDF;Welch;Susan;05 77 31 91 43;Integer@pellentesquea.org;03/11/2019;76
488766510;HEAT;Quinn;Thaddeus;02 41 08 95 55;euismod@necmalesuadaut.edu;05/10/2019;99
478089592;SICNL;Guerrero;Harriet;03 57 75 42 20;Quisque.porttitor.eros@fringillaporttitorvulputate.com;22/10/2019;61
494152325;HEATALY;Chaney;Jacob;06 63 47 79 53;Curabitur.egestas.nunc@imperdiet.co.uk;15/11/2019;82
413888850;SIDIESE;Conner;Steel;04 26 96 91 95;Quisque.tincidunt.pede@natoquepenatibus.net;24/11/2019;68
848953204;HEAVEN;Bradford;Sybill;06 91 24 25 71;lectus.Cum.sociis@enimcondimentumeget.ca;01/11/2019;99
801133760;SIEL;Barton;Belle;04 89 18 16 79;ipsum.Curabitur.consequat@tortordictum.com;31/10/2019;93
380176016;HECHT FRANCE;Singleton;Merritt;04 33 51 74 34;vel.vulputate@Duiselementum.com;07/11/2019;66
832495980;SIEN;Spears;Heidi;04 89 82 89 96;quam@ProinmiAliquam.edu;26/11/2019;54
693001281;HEDEOS;Terrell;Whitney;02 55 61 96 87;amet.ornare@felis.co.uk;29/11/2019;68
850461690;HEDIOS PATRIMOINE;Finley;Courtney;05 79 24 27 42;convallis.ligula@justonec.com;05/11/2019;100
38931184;SIERRA-NET;Garner;Keelie;08 93 23 69 40;ipsum.cursus@estmaurisrhoncus.com;28/10/2019;56
424787901;SIGEM;Welch;Ashton;08 41 70 24 02;placerat@elementumat.org;02/11/2019;55
480062553;HEFED;Mckay;Ross;07 58 73 86 06;imperdiet.non.vestibulum@nectempusmauris.ca;22/11/2019;66
492600523;SIGHTLINE;Adams;Vladimir;06 67 99 42 68;tempor.est@metusVivamuseuismod.org;28/10/2019;70
791254790;HEIMDALL;Mclaughlin;Quentin;05 13 23 99 66;magnis.dis@Crasdolor.org;16/11/2019;82
808094767;SIGN SERVICES;Conner;Quon;02 01 67 10 34;nisl@aultriciesadipiscing.edu;13/10/2019;55
38844395;HELENE FRICOUT EURL D ARCHITECTURE;Pacheco;Jamalia;09 44 08 45 03;diam.dictum@eudolor.org;26/10/2019;81
524082062;SIGNATURE ST GERMAIN DES PRES SARL;Romero;Germane;06 46 40 53 89;est.mollis.non@dapibusgravidaAliquam.net;15/10/2019;58
482147899;HELENE K - HELENE GAINVILLE;Landry;Mercedes;05 44 39 89 64;sollicitudin@ac.com;05/10/2019;65
511012643;SIGNATURES;Mitchell;Paula;08 65 48 48 96;In@orci.org;28/11/2019;69
398292201;HELIODORE;Dunlap;Roanna;05 93 93 72 84;et@aliquet.net;11/10/2019;59
483355475;SIGNATURS;Wade;Eaton;09 96 35 71 58;magna@inconsectetuer.net;12/11/2019;84
840859367;HELIONWOOD;Mann;Brent;07 89 33 35 33;libero.Morbi.accumsan@Craseutellus.org;15/11/2019;72
411363161;SIGNES;Robinson;Linus;03 81 13 78 30;nulla@non.ca;24/10/2019;99
492341763;HELIOPROD METHANISATION;Dominguez;Fritz;06 32 80 56 03;eu@urnasuscipit.org;07/11/2019;99
814181020;SIGT;Griffin;Ashton;01 49 49 44 60;blandit@gravidaAliquam.org;29/10/2019;58
853561819;HELIOS;Buckley;Otto;06 46 92 14 89;sed.pede@fermentum.edu;16/10/2019;97
832419634;SILAN;Joyner;Whilemina;04 59 43 63 01;rutrum.eu@Quisque.ca;14/11/2019;57
318133725;HELIUM;Hancock;Geoffrey;01 24 99 21 50;mauris.aliquam.eu@ategestas.co.uk;31/10/2019;80
841747785;SILENT;Webster;Hunter;05 22 13 42 19;scelerisque@pedenec.co.uk;23/11/2019;61
522611565;HELLEBORE;Buck;Kenyon;08 40 94 30 05;non@ut.org;23/11/2019;75
821284635;SILIAS TRADING;Mullen;Maxine;03 33 89 05 87;magna@velesttempor.net;30/10/2019;72
343559498;HELLIN SEBBAG ARCHITECTES ASSOCIES;Kinney;Macon;05 36 24 20 42;nisi.Mauris.nulla@seddolor.com;17/11/2019;88
393433586;SILIGENCE;Bird;Aidan;06 32 98 12 76;scelerisque.neque.sed@sagittisDuis.com;03/11/2019;82
808611198;HELLMA FRANCE;Klein;Lunea;06 87 48 80 53;tempus.non.lacinia@ipsumdolor.org;13/10/2019;62
499575702;SILLAGE DISTRIBUTION SARL;Cantu;Nolan;03 07 60 55 86;urna.Nullam@vitaenibhDonec.edu;06/11/2019;90
810899674;HELLO TOMORROW;Jarvis;Vincent;06 22 24 68 72;consequat.purus.Maecenas@maurisSuspendissealiquet.ca;18/11/2019;85
483502803;HELLOHIKIMORI;Herrera;MacKenzie;07 50 31 09 36;rhoncus@Sed.com;23/11/2019;50
827756438;HELOENCE;Short;Sydney;04 34 01 47 97;vel@Nunc.com;16/11/2019;61
810196436;HELVET UNDERGROUND;Harrison;Indira;08 43 30 63 34;ac.eleifend@ligulaNullamenim.ca;29/10/2019;80
839155017;HEMERA DIGITAL CONSULTING;Hickman;Henry;01 32 41 49 37;varius@nequeInornare.net;05/11/2019;50
811544303;SI-LOGISM;Fulton;Murphy;05 87 55 32 07;nisi@Phasellus.ca;10/11/2019;63
504466715;SILOM GROUP SARL;Strong;Uriah;04 41 21 64 47;neque.tellus.imperdiet@Inat.edu;06/10/2019;70
838580793;SILTEC;Sears;Maile;08 45 61 20 67;rhoncus.id.mollis@vel.org;07/11/2019;69
798149142;SILVER CREEK;Beasley;Lamar;06 25 44 21 35;id@imperdiet.org;25/10/2019;83
823642574;SILVER VOYAGES;Prince;Kareem;02 03 77 60 01;molestie.sodales.Mauris@sapienNunc.org;19/10/2019;79
514635630;HENDI ET HENDI;Davidson;Ira;05 26 70 03 64;sodales.nisi.magna@dui.edu;24/10/2019;64
821870631;SILVYA TERRADE PARIS CHAMPS ELYSEES;Carter;Paul;07 67 38 23 64;risus.Donec@elementum.org;09/11/2019;79
802701201;HENG SHENG;Henson;Demetria;08 04 23 65 52;metus@ullamcorper.com;24/10/2019;87
842073397;SIM BATI DECO;Melton;Casey;08 85 00 05 08;posuere.cubilia@erat.edu;04/11/2019;90
825036783;HENNESSEN ET CIE SAS;Mccormick;Xaviera;04 13 66 96 40;sodales.elit@justositamet.co.uk;26/11/2019;68
410084495;SIM DES PEUPLIERS;Briggs;Dale;02 90 68 00 24;Donec@aliquetvelvulputate.com;29/10/2019;96
423334408;HENNIG ARCHITECTES;Kim;Drew;03 93 76 61 90;adipiscing.elit@arcuacorci.org;17/11/2019;64
449032556;SIM H;Castillo;Tyler;07 44 04 38 14;Sed.auctor.odio@ipsumCurabiturconsequat.com;14/11/2019;84
512204850;HENRAT ET GARIN;Turner;Signe;09 12 06 63 41;nascetur@convallisincursus.com;22/10/2019;100
572215721;SIMAPA SASU;Clarke;Ryan;04 96 00 05 54;cursus.in.hendrerit@mollisdui.ca;04/10/2019;59
753342286;HENRIOT DECO;Raymond;Abraham;01 29 58 69 08;amet.consectetuer.adipiscing@elitsedconsequat.org;01/11/2019;80
419411434;SIMAR;Robles;Brenden;08 90 41 37 78;sociis.natoque@arcuVestibulum.edu;28/11/2019;66
507626364;HENRIQUE ENKO;Patrick;Griffin;03 81 71 54 46;amet.dapibus.id@doloregestas.net;29/10/2019;65
821080751;SIMBAP;Gaines;Alvin;08 98 62 06 40;neque@ut.com;26/10/2019;100
534740857;HERACLES AVOCATS;Gonzalez;Chloe;08 74 50 10 79;ultrices.a@tinciduntnuncac.org;13/10/2019;85
428437511;SIMFLEUR DEVELOPPEMENT;Conway;Morgan;07 12 30 12 96;velit.dui.semper@Etiamimperdietdictum.edu;04/10/2019;50
326606852;HERACLES DEVELOPPEMENT;Hicks;Azalia;06 04 51 27 32;risus@eu.ca;26/10/2019;72
395128788;SIMONE;Nash;Brody;07 46 13 99 67;dolor.Nulla.semper@etultricesposuere.ca;28/10/2019;55
422133264;HERACLES INVESTISSEMENT;Chaney;Eagan;09 51 67 92 02;enim.Nunc.ut@in.com;15/10/2019;76
851687889;SIMONE 3;Pope;Stacey;06 76 03 41 33;aliquam.eu.accumsan@dui.com;01/11/2019;96
379010440;HERALIS MARKETING;Levine;Brendan;06 65 01 19 27;tortor.Integer@nonegestas.com;10/10/2019;60
421858267;SIMPLE ENGINEERING FRANCE;Quinn;Tanner;08 17 30 94 07;dolor@non.org;16/10/2019;70
480131127;HERBORISA NATURA;Mcknight;Drew;09 26 71 42 62;Proin.eget@sitametrisus.edu;27/10/2019;53
878303510;SIMR;Kinney;Yolanda;07 87 75 54 67;diam.Proin@lectus.org;07/10/2019;94
809150949;HERBORISTERIE DU PALAIS ROYAL;Hatfield;Cynthia;07 32 35 21 78;vulputate.ullamcorper@Suspendissetristique.com;07/11/2019;60
422153361;SIMTEX;Nash;Inga;07 90 85 01 96;cursus.diam@turpisNulla.com;11/11/2019;63
43875244;HERITAGE COLLECTION;Hahn;Gareth;01 73 83 82 18;Vivamus@aliquetliberoInteger.net;23/10/2019;72
449131150;SIN REJAC;Powell;Teegan;04 46 30 10 98;quam.vel@PhasellusnullaInteger.net;01/11/2019;53
829618834;HERMINEA FINANCE;Herman;Amal;04 40 64 29 07;iaculis.nec@magnaSuspendisse.co.uk;16/11/2019;83
795051580;SINALYS;Bates;Luke;08 58 80 19 32;mauris@pellentesque.org;09/11/2019;91
492853965;HERMITAGE;Harper;Kessie;04 98 57 36 96;non.massa.non@Phasellus.com;24/10/2019;80
389598095;SINDOU FAURIE PLANSON ET ASSOCIES;Hansen;Maryam;02 78 13 98 73;Morbi.sit.amet@sitamet.net;20/10/2019;87
841077167;HERTZOG - ZIBI - RUFF & ASSOCIES;Hodges;Anastasia;02 43 36 10 12;lorem.ut@Quisqueimperdieterat.co.uk;11/10/2019;61
819199167;SINENOVE;Johnson;Reuben;03 73 87 64 37;ultrices.posuere.cubilia@sapiencursusin.ca;31/10/2019;78
753824788;HERVE LABEILLE ET ASSOCIES;Kirkland;Blake;01 56 61 41 48;mollis.non@vehiculaPellentesquetincidunt.edu;27/10/2019;79
428800817;SINGEL;Cline;Dorian;04 63 04 65 14;ac.facilisis.facilisis@nonlaciniaat.net;07/10/2019;55
532239563;HERVE MARTIN ET NICOLAS PHILIPPOT, NOTAIRES ASSOCIES D'UNE SOCIETE CIVILE PROFESSIONNELLE, TITULAIRE D'UN OFFICE...;Ortiz;Xander;06 99 47 38 17;ligula.Nullam@Aliquamnisl.org;11/11/2019;91
432603876;SINGER & HAMILTON;Bruce;Desirae;06 35 33 69 34;Phasellus.in@adipiscingMauris.co.uk;07/11/2019;86
485076277;HERVE MINIOU CONSEIL ET COMPTABILITE;Rasmussen;Cruz;05 99 28 79 89;Cum.sociis@Cras.com;06/10/2019;74
813533163;HERVE ROUET, SANDRINE MACET, HUISSIERS DE JUSTICE;Cochran;Dennis;05 71 18 59 40;Nunc@Duisa.edu;07/11/2019;81
521452896;HERVIEU - FOLLACCI SAS;Reeves;Lisandra;08 44 91 29 31;non.ante@Suspendissetristiqueneque.net;21/11/2019;84
784672776;HESPERIA DEVELOPPEMENT;Mccall;Shellie;03 30 12 52 03;dui.Fusce.aliquam@euultrices.org;19/11/2019;52
353920697;HESPERIE CONSEIL;Dejesus;Jason;04 64 76 69 11;Etiam@senectusetnetus.edu;10/10/2019;53
500873633;HESSEM;Russell;Camilla;09 90 63 96 41;egestas@Loremipsum.edu;15/10/2019;53
812278679;HEVEA FRANCE;Miranda;Hollee;03 54 50 48 54;lorem.semper.auctor@Donectempus.org;21/10/2019;92
521722090;HEXAMEDIA;Hudson;Wanda;05 84 85 78 38;Pellentesque@sed.edu;21/11/2019;92
838733202;SINGER AVOCATS;Phelps;Nicholas;07 28 41 15 08;nibh.lacinia.orci@faucibusMorbi.com;17/11/2019;73
752411280;SINGH GSM;Fletcher;Armando;04 75 59 34 08;Lorem@luctuslobortisClass.net;10/10/2019;62
848994737;SINNY & OOKO;Franks;Rosalyn;07 39 01 01 90;massa@enim.net;12/11/2019;89
407537976;SINOLOGIE;Lee;Gage;02 36 69 00 25;blandit.congue.In@sagittislobortismauris.edu;25/10/2019;87
420811721;SINORAMA;Haynes;Iola;03 33 16 00 05;purus.ac@penatibusetmagnis.com;29/11/2019;51
398050187;SINORAMA VOYAGES;Wooten;Craig;03 11 54 89 52;dictum.ultricies.ligula@placerataugue.co.uk;30/11/2019;90
400421434;SINTIMEX;Mercer;Jelani;07 67 08 91 34;tempus.lorem@urnaVivamusmolestie.ca;26/10/2019;63
478823206;SIOUXE;Merrill;Harlan;03 88 45 64 66;sagittis.semper@Cras.co.uk;30/11/2019;76
530420587;HEXAMODE;Oneal;Gisela;09 62 26 71 40;Proin@erat.ca;01/11/2019;72
425000148;SIPEST;Delaney;Signe;02 39 89 03 03;aliquet.metus@nunc.org;09/10/2019;84
851670026;HEYMANN RENOULT ASSOC;Goodman;Quinn;02 91 17 97 47;aliquet.diam@acmattisvelit.org;09/10/2019;76
440252666;SIRAM;Conrad;Elijah;09 05 11 96 15;venenatis.a.magna@tempordiamdictum.co.uk;19/10/2019;66
447771494;HFCA;Warner;Fleur;01 58 97 37 33;id.ante.Nunc@sociisnatoque.co.uk;09/10/2019;73
480689033;SIRCA;Boyd;Melvin;06 16 25 48 83;facilisis.magna@ullamcorperDuiscursus.co.uk;16/11/2019;93
414592840;HG CONSEIL;Nieves;Yvonne;09 88 04 86 11;malesuada.fames@uterosnon.net;25/11/2019;76
488126962;SIRENNES ESTHETIQUE;Mcgowan;Hilel;05 52 76 75 75;ligula.elit@dignissimmagnaa.com;20/10/2019;66
452679558;HG SARO;Becker;Barclay;03 83 10 26 39;non@enim.co.uk;14/10/2019;62
331384701;SIRKAM;Dejesus;Nerea;05 18 50 80 84;Ut.tincidunt@Maurisut.net;08/10/2019;82
803425925;4DCELL;Lara;Perry;09 19 27 32 97;In.nec@arcuSed.ca;22/10/2019;88
833207699;HH FRANCE;Montoya;Kylynn;09 73 42 63 54;taciti@velvenenatisvel.com;04/11/2019;60
484644943;SIRTEG;Whitley;Amethyst;02 09 75 18 78;arcu.Curabitur@elementum.co.uk;19/10/2019;55
848325338;4M CONSULTING;Hammond;Talon;07 37 90 51 44;quam.vel.sapien@consectetueripsumnunc.net;23/11/2019;64
830428256;HHP;Ochoa;Bianca;09 87 50 68 01;augue.id@ipsumleoelementum.com;20/11/2019;56
433167772;SIS CREARGIE SA;Hughes;Amena;05 22 64 89 76;amet@enim.com;07/10/2019;62
477781967;5 LA VIE;Benjamin;Macon;09 53 21 36 42;convallis.ligula@cursusdiamat.edu;16/10/2019;71
380302927;HI   TECH;Kelley;Isaiah;09 08 24 00 60;sollicitudin.adipiscing@velmauris.org;26/10/2019;56
403049075;SISSO 360;Griffin;Zelda;02 46 75 52 25;ac.turpis.egestas@vulputate.ca;11/10/2019;59
852415637;50 PARTNERS GESTION;Henderson;Zenaida;01 86 71 58 03;sit@eulacusQuisque.edu;12/10/2019;99
794238071;HIBANA LIVE;Mayer;Nero;06 29 01 15 23;mattis@dis.org;06/11/2019;62
501642813;SISSYA;Cleveland;Nicole;06 07 51 93 06;egestas.rhoncus@neque.org;09/10/2019;89
449471937;55 MEDISPA;Kemp;Ishmael;02 97 58 79 64;dapibus@vestibulum.ca;29/10/2019;95
814641718;HICAREX;Ortega;Ezra;09 32 37 03 96;cursus.a.enim@etnetuset.ca;04/10/2019;67
478738917;SISTBP;Phillips;Rina;04 62 39 10 32;Donec.felis.orci@tincidunt.com;22/10/2019;67
797672169;5H55;Tillman;John;04 13 70 74 75;mauris.a@Proin.edu;08/11/2019;67
831375811;HICKORY 2;Mcconnell;Quynn;08 16 75 72 34;neque@pedenonummy.com;02/11/2019;57
844327312;SISTHERESA;Phillips;Medge;07 23 02 44 45;sociis@Donecat.ca;02/11/2019;71
791962095;60 W CONSULTING;Dalton;Samuel;01 39 95 20 26;Aenean@bibendumfermentummetus.com;29/10/2019;88
488001595;HICKORY CONSEIL;Hicks;Ursula;03 85 34 73 78;ac.facilisis.facilisis@lacus.com;25/10/2019;60
782846422;SITEXPO EXPLOITATION;Spears;Camilla;03 83 44 20 34;dui@Nullamutnisi.edu;13/10/2019;84
839309432;6-24 HOLDING;Buck;Stephen;07 61 77 55 13;lectus.justo@habitantmorbitristique.org;11/11/2019;66
38923777;HIDOUCHE DISTRIBUTION;Best;Kylan;01 81 99 87 37;et.ipsum.cursus@elitpharetra.co.uk;19/10/2019;80
533475661;SIVAN DISTRIBUTION;Key;Carissa;07 36 93 03 93;adipiscing.fringilla@eratvitae.org;02/10/2019;99
830599106;65 RUISSEAU;Adams;Beatrice;06 23 30 46 44;In.lorem.Donec@facilisisegetipsum.co.uk;09/11/2019;77
485203764;HIFIBIO;Little;McKenzie;09 19 32 71 06;semper.tellus@senectuset.ca;23/11/2019;94
501089163;SIVP DENT STE INTERNAT VENT PROT DENT;Rowland;Rebekah;09 51 97 79 72;Nullam.scelerisque@fermentumvelmauris.net;15/11/2019;96
378253553;6A CAPITAL & CONSEIL;Owens;Chadwick;04 47 10 15 80;congue@acliberonec.org;07/11/2019;97
410117121;HIGH ART;Scott;Keelie;02 20 04 11 57;neque.vitae@gravidanunc.co.uk;05/11/2019;86
851482950;SIZMEK;David;Kibo;05 38 69 69 04;Proin.vel@lectusrutrumurna.ca;10/11/2019;68
483328209;6WWW;Rojas;Lewis;03 87 12 01 63;diam.at@gravida.ca;08/11/2019;77
424750677;HIGH BRIDGE & CO;Pierce;Florence;02 94 79 81 11;ac@eleifendvitae.co.uk;03/11/2019;57
794525519;SJMC;Vega;Ila;09 10 49 47 80;consequat@diam.edu;16/11/2019;67
823778980;7 EXPERTISE;Duke;Marsden;04 10 52 88 84;dictum@ridiculus.org;22/11/2019;86
338905458;HIGH FLYERS AGENCY;Mcbride;McKenzie;08 14 00 55 03;volutpat.Nulla@nequevenenatislacus.org;24/11/2019;87
830815650;SK CONCEPT;Woodard;Raymond;06 23 17 69 78;aliquam.eu@tellussemmollis.net;21/11/2019;81
399888619;711RENT PARIS;Drake;Quin;04 15 94 94 33;nisl.arcu.iaculis@ligulaAenean.org;18/11/2019;88
823818240;HIGHFIELDS INVESTMENTS LIMITED;Gentry;Iris;07 26 06 82 23;tellus.Suspendisse@ornare.org;07/11/2019;63
480192533;SKAG;Hancock;Julian;04 30 44 88 58;dictum@magna.co.uk;27/11/2019;54
794235333;75,FAUBOURG;Mendez;Callie;01 68 56 71 55;a@enimnisl.edu;27/11/2019;90
417617479;HIGH-LINE;Blair;Dana;07 59 70 22 12;ipsum@feugiatplacerat.co.uk;02/10/2019;78
829166693;SKETCHFAB;Padilla;Lucian;02 09 35 54 34;non.lobortis.quis@egetdictumplacerat.com;05/10/2019;79
499195261;7C;Becker;Sydnee;09 98 05 73 30;magna@nuncQuisque.com;15/10/2019;91
751885831;HIGHSYS;Hill;Rana;09 59 95 78 16;et.magnis.dis@tellusimperdiet.com;22/10/2019;91
831928882;SKILL FINANCE;Buchanan;Griffith;07 63 21 72 57;Nulla.semper.tellus@Donecconsectetuermauris.co.uk;15/10/2019;72
384907432;7FACTORY;Lancaster;Rigel;05 89 44 03 37;dolor.vitae.dolor@habitantmorbitristique.net;21/10/2019;93
837877802;HIMERO FINANCES;Banks;Chancellor;01 60 66 55 51;eu@Sedpharetrafelis.net;23/11/2019;87
823222237;SKILLCAPITAL SARL;Whitley;Asher;09 06 80 17 45;diam.Proin.dolor@Vestibulumanteipsum.edu;11/10/2019;95
531122091;7MOBILE;Nixon;Naida;01 65 86 00 18;egestas.lacinia@Fusce.com;04/10/2019;99
479985996;HINOLISARI SUCCESS;Maldonado;Kareem;09 38 10 71 03;pellentesque.Sed@tristiquepellentesquetellus.net;23/11/2019;82
538471178;SKY DIS;Ferrell;Lionel;01 38 55 22 88;ultrices@nislNulla.com;09/10/2019;66
812167260;8 OPERA;Merritt;Phyllis;02 27 40 20 64;aliquet.Proin.velit@rutrumurna.co.uk;18/11/2019;68
341398659;HIPPOCAMPE FRANCE;Aguirre;Iola;09 20 56 29 39;nibh.sit.amet@nonmagnaNam.org;04/11/2019;75
824951891;SKYBOARD;Chen;Mary;01 46 75 36 04;arcu@nec.edu;17/11/2019;80
414016436;8EME CONTINENT;Stephenson;Cameron;08 98 51 48 39;mi.tempor.lorem@ategestasa.org;06/11/2019;84
820650497;HIRED TALENT MARKETPLACE FRANCE SAS;Richardson;Samantha;03 98 84 79 74;nascetur@Pellentesquehabitant.org;28/11/2019;89
343234209;SKYCABIN;Trevino;Ava;06 39 47 14 50;risus.a@acfermentum.edu;20/11/2019;78
434299137;9HOTEL;Chase;Oscar;08 96 64 72 31;Aliquam.tincidunt.nunc@risus.edu;25/10/2019;56
813224607;HIS INTERNATIONAL TOURS FRANCE;Nelson;Elliott;07 98 33 15 67;lacus.pede@et.ca;04/10/2019;90
495030363;SKYWORKS SEMICONDUCTOR;Bolton;Travis;05 26 42 27 51;imperdiet.erat.nonummy@venenatislacus.net;18/10/2019;100
851166397;9HOTEL BASTILLE LYON;Barnes;Sandra;02 51 26 12 54;Nunc@lectusjustoeu.org;13/11/2019;60
404904161;HISADA FRANCE;Osborne;Giselle;07 73 71 97 16;felis.orci.adipiscing@sodaleselit.edu;12/11/2019;90
843906736;SL CORNER;Larsen;Miranda;06 20 33 82 13;id.enim@eros.com;31/10/2019;90
393742606;9HOTEL OPERA;Larson;Benedict;05 90 38 71 59;eros.Proin.ultrices@turpisnecmauris.org;16/10/2019;66
840639751;HISTOIRE ET COLLECTIONS;Britt;Jason;04 58 36 77 87;iaculis@antebibendum.edu;14/10/2019;68
532514619;SL PARTNER;Norton;Hakeem;07 35 93 64 85;dignissim@Cras.ca;14/11/2019;70
442739223;9HOTEL REPUBLIQUE;Garner;Noelani;01 95 65 11 85;lacinia.orci@orci.com;23/11/2019;63
851611798;HISTORY GROUP;Nunez;Cassady;03 80 45 49 95;turpis@ipsumsodalespurus.org;19/11/2019;57
432082543;SLALEY-JMR;Cabrera;Susan;08 21 13 72 00;luctus@nondapibus.co.uk;04/11/2019;76
818589426;A & E;Gibson;Keane;06 84 51 04 35;Phasellus.at.augue@mollis.ca;08/11/2019;96
420620262;HITTITE MICROWAVE;Matthews;Tad;07 69 10 90 87;ridiculus.mus.Donec@Quisqueornaretortor.edu;08/10/2019;76
380308817;SLC LES PARISIENNES;Ramos;Drew;05 37 63 69 45;diam@estarcu.co.uk;28/11/2019;57
441513231;A & F PROJECTS;Rivers;Xavier;06 05 01 10 13;adipiscing.Mauris.molestie@Craseget.co.uk;14/11/2019;88
820070118;HK DISTRIBUTION;Gonzalez;Lewis;08 30 33 30 53;vel@acsemut.co.uk;10/11/2019;89
828320879;SLIDE WASH;Gould;Cade;07 84 09 05 42;ut.dolor.dapibus@fermentum.org;23/11/2019;79
38884334;A 12;Mercer;Camden;06 50 79 68 81;rhoncus@pedemalesuada.ca;24/10/2019;62
788482313;HKW;Shaffer;Kennan;09 49 44 57 29;at@Nullam.com;18/11/2019;88
844169631;SLJ COHEN;Brock;Regina;03 77 68 77 23;mus.Aenean@Fusce.org;18/11/2019;84
534190731;A 19 ARCHITECTURE;Fleming;Zelda;02 38 85 79 09;magna.sed@aliquetvel.org;23/10/2019;90
819207622;HL COSMETICS;Stewart;Stewart;05 00 27 44 67;Pellentesque@accumsaninterdumlibero.net;30/11/2019;82
793858465;SLJ DISTRIBUTION;Byers;Dominic;03 96 20 12 20;non@Suspendissetristiqueneque.org;12/10/2019;83
844440982;A 4 CONSEILS;Osborn;Iliana;02 69 42 76 46;lobortis@necmetusfacilisis.com;08/11/2019;78
500878228;HL PRODUCTION;Bradshaw;Indira;07 45 20 17 12;metus.Aliquam.erat@mauriseu.org;18/10/2019;92
43904119;SLOCLAP;Waters;Oprah;04 83 49 71 64;imperdiet.non.vestibulum@massa.edu;09/10/2019;58
641075650;HLA ET MEDECINE;Evans;Ariana;08 91 45 39 43;egestas.Duis@tristiquealiquet.edu;11/10/2019;60
831248000;SLOOP COMMUNICATION;Bolton;Ryder;07 41 76 04 48;vel@semconsequatnec.co.uk;03/10/2019;66
499629384;HLD CONSEILS;Watkins;Montana;08 80 67 23 02;porttitor@Maecenaslibero.co.uk;07/11/2019;55
337950737;SLOWARES;Calderon;Louis;02 82 74 11 40;non.vestibulum.nec@etrutrumeu.com;24/10/2019;79
801389057;HLDG;Gamble;Suki;09 01 99 54 43;sed.dolor.Fusce@tempor.edu;27/10/2019;58
793820820;SLPV ANALYTICS;Santos;Adam;03 76 72 62 64;amet.lorem@estac.com;02/10/2019;54
804521615;HMB - BDA;Terry;Lewis;06 03 89 19 28;ornare@volutpat.net;31/10/2019;59
308266808;SLRL PHILIPPE JEAN-PIMOR;Frank;Selma;03 65 79 49 75;vulputate.ullamcorper.magna@vehiculaaliquet.com;23/11/2019;86
800241531;HMC CONCEPTION ETUDES TECHNIQUES;Gibson;Oliver;05 48 46 45 10;nascetur.ridiculus@acorciUt.co.uk;19/11/2019;78
318829801;HMG FINANCE;Duncan;Rebecca;06 81 19 10 51;id@Praesenteunulla.ca;18/10/2019;66
850113580;HMM BATIMENT;George;Kai;08 09 62 41 32;torquent@risusat.edu;30/10/2019;78
819551342;HN6 ACTIVE;Hicks;Chancellor;02 67 74 14 54;mauris.sapien@quamafelis.co.uk;26/11/2019;57
753813187;HOBBS;Rice;Uriel;05 87 84 07 25;ligula@sempercursusInteger.net;12/10/2019;72
822315032;HOBBY 1;Leach;Hayden;04 68 43 31 06;sollicitudin.orci@semper.org;06/11/2019;60
794386599;SM CONTACT;Valenzuela;Tyler;01 95 70 91 28;ac.orci@auctornuncnulla.co.uk;17/10/2019;70
402528608;SMALL GALLERY;Hoffman;Gisela;02 56 66 60 54;Morbi.metus@leo.co.uk;22/11/2019;90
531002749;SMALL IS BIGGER;Woodward;Uta;02 61 33 80 60;Etiam@nectempus.com;27/10/2019;94
808827158;SMALL PLANET;Hicks;Ruby;03 29 47 35 72;eu.accumsan@convallisante.co.uk;01/11/2019;61
332555721;SMART DIS;Hutchinson;Colorado;09 54 31 75 87;Duis@Nullaeu.com;20/10/2019;95
494936859;SMART ENERGIES;Perez;Wendy;05 42 09 18 94;pharetra.sed@ascelerisquesed.ca;03/10/2019;78
824831283;HOBOKEN;Santiago;Donovan;08 32 40 51 37;urna@diamvel.ca;23/10/2019;73
414470518;SMART IT;Small;Ferdinand;07 95 27 05 50;gravida@eterosProin.co.uk;30/10/2019;85
511090987;HOC;Hines;Kimberley;07 25 81 76 90;consectetuer@Aliquamnec.com;08/10/2019;79
38871828;SMART PC;Mullen;Shelley;02 76 01 05 64;nisi.dictum@dictum.edu;01/10/2019;66
827907254;HODBOURG WAGNER ARCHITECTURE;Holt;Kenneth;01 12 09 20 38;vulputate.risus.a@justoeuarcu.edu;10/11/2019;82
521894006;SMART PHARMA CONSULTING;Medina;Brennan;01 96 42 63 66;accumsan.laoreet@necenim.ca;18/10/2019;71
500602982;HOGHAN;Cohen;Haley;06 60 39 75 68;in@Nulladignissim.org;19/11/2019;64
340396142;SMART PIXELS;Shields;Simon;04 75 84 79 36;sit@gravidamaurisut.com;03/10/2019;66
441389871;HOLDING BOSQUET;Dorsey;Margaret;08 68 71 85 97;orci.lacus.vestibulum@porta.com;19/10/2019;71
381527175;SMART SIDE;Lester;Conan;07 95 18 83 37;nibh@Fuscemollis.co.uk;12/10/2019;75
878830223;HOLDING DE PHARMARCIE INDEPENDANTES;Garner;Tobias;09 13 02 38 40;auctor@ipsumdolorsit.com;01/11/2019;59
505116905;SMARTACCEZZ;Bentley;Tarik;05 78 27 86 85;pharetra.ut.pharetra@NullamnislMaecenas.edu;18/10/2019;93
542010053;HOLDING DES CENTRES POINT VISION;Pacheco;Iola;01 39 73 29 18;tristique@duinec.net;01/10/2019;57
487850448;SMARTFOCUS FRANCE;Odom;Yolanda;06 46 76 55 67;mus@vehicularisus.org;24/10/2019;90
480942788;HOLDING DINH VAN;Fields;Forrest;01 53 43 28 39;tristique@sagittisDuis.org;22/10/2019;84
785355124;SMARTGRAINS;Mckee;Noble;09 64 85 04 93;eu.nibh@Aliquam.co.uk;06/10/2019;59
422752808;HOLDING EXPERTISE CONSEIL;Parrish;Rashad;04 81 49 38 05;Integer@aceleifendvitae.net;11/11/2019;93
834159154;HOLDING FLORIDOR;Norris;Taylor;05 17 13 15 07;sed.leo.Cras@quisturpisvitae.com;13/10/2019;79
848377040;HOLDING GLF;Day;Wallace;01 95 37 81 16;suscipit@nec.com;23/10/2019;65
800159907;SMARTLINE SYSTEMS;Whitehead;Vivien;03 03 52 55 15;lacus@aclibero.ca;28/10/2019;63
445330103;SMARTPILLS;Mcclure;Rowan;03 14 08 80 88;velit.dui@molestiepharetra.co.uk;20/11/2019;99
829597251;SMCP;House;Joel;07 03 25 01 15;tellus@euaugueporttitor.co.uk;11/10/2019;94
518428149;HOLDING JAR;Prince;Gray;06 50 82 77 86;elit.pellentesque@eleifendnon.edu;02/10/2019;69
848962379;SMDV;Clark;Eliana;05 53 89 83 85;vulputate.mauris.sagittis@placerat.co.uk;13/10/2019;59
512540881;HOLDING MOLITOR;Morse;Nigel;09 10 10 16 08;feugiat.nec@Nam.net;12/11/2019;96
420936197;SME;Winters;Nelle;07 96 41 61 87;felis@nec.com;12/10/2019;54
841563125;HOLDING REGENCIA;Langley;Laura;06 89 02 56 50;est.Mauris.eu@egestas.net;02/10/2019;72
441880986;SMIIRL;Brewer;Steven;05 78 45 32 37;sem.molestie.sodales@egestas.net;17/10/2019;99
832312896;HOLIDAY BOILEAU;Powers;Xander;06 75 78 84 12;nec.urna.suscipit@ultricies.co.uk;15/11/2019;90
752413963;SMITH DORIA;Hayden;Morgan;01 23 25 80 47;fringilla@quislectusNullam.ca;10/10/2019;91
380107789;HOLINAIL;Booker;Tarik;06 93 56 70 38;eros@dictumPhasellusin.edu;07/11/2019;88
489036152;HOLLAND & SHERRY SARL;Wong;Alfreda;08 07 33 67 20;eleifend@mauris.edu;16/11/2019;52
333846327;HOLLY;Conrad;Mira;02 34 60 53 39;convallis.in@fringilla.com;28/11/2019;98
314859752;HOLYBELLY;Chan;Nathaniel;01 99 33 78 97;augue@Nam.com;14/10/2019;62
494810963;HOMAD;Craft;Otto;05 22 89 72 36;diam.Sed.diam@sed.co.uk;12/10/2019;80
819809633;SMN FRANCE;Valentine;Kevin;09 87 93 26 28;imperdiet@semmollis.co.uk;23/11/2019;71
849255773;SMOKO;Mcdaniel;Lane;02 31 73 19 03;et@tincidunt.net;08/10/2019;93
437556103;SMOOTH;Gillespie;Kevyn;06 52 95 11 35;aliquet.odio.Etiam@risus.edu;17/11/2019;64
829300276;SMS OPTIC;Huber;Geoffrey;09 61 47 39 24;erat.Vivamus@Vivamusmolestiedapibus.ca;06/11/2019;97
808185797;SMTM INVEST;Byrd;Abraham;02 07 12 30 60;vel.vulputate.eu@aliquam.ca;12/10/2019;57
383993441;A LA FETE CONVENTION;Deleon;Upton;01 25 33 00 20;pretium.neque@atrisus.net;29/10/2019;78
318456407;HOME CONCEPT PARIS;Chang;Guinevere;02 49 02 01 24;penatibus.et@ipsumcursus.org;08/10/2019;53
850823048;SMURFIT KAPPA ALMA;Holt;Margaret;03 79 25 29 15;tellus@adipiscing.com;24/11/2019;57
839470945;A LA FOLIE;Keith;Harding;06 90 55 48 88;et.commodo@Donecdignissimmagna.co.uk;19/10/2019;51
481779346;HOME DECORATION;Burgess;Winter;09 80 65 66 12;amet.ultricies@ultriciesdignissimlacus.edu;28/11/2019;87
322162702;SN CREBAT;Castro;Flynn;09 91 99 21 85;neque.sed.sem@Donec.org;04/10/2019;60
845297803;A LA FONTAINE;Pate;Dorian;04 90 90 46 65;interdum.Nunc@in.net;13/10/2019;65
839842846;HOME INSTALLATION;Le;Joseph;05 53 03 20 60;non.nisi@Etiamgravidamolestie.co.uk;31/10/2019;59
827628363;SNC  FROMENTIN;Sanford;Tyrone;04 58 28 51 49;eros.turpis@augue.net;22/11/2019;78
449382845;A LA FONTAINE SAINT MICHEL;Boyle;Herrod;07 57 20 42 27;dui.nec@Donecdignissim.ca;05/10/2019;89
830927992;HOME STOCK;Fleming;Chantale;09 89 17 19 15;Praesent.interdum@sagittissemper.com;18/10/2019;54
498962463;SNC B.V.;Hayden;Kylee;04 97 03 66 94;metus@nonjustoProin.com;31/10/2019;57
417503992;A LA ROSE DE TUNIS;Whitley;Wade;09 31 20 82 84;tempus.lorem@nec.net;13/10/2019;90
311702583;HOME TEX;Wilkinson;Marcia;09 38 58 21 86;dolor.Quisque@erat.org;18/11/2019;57
835403635;SNC BAKERS INDIA;Parrish;Cleo;03 36 10 16 13;Morbi.neque.tellus@auctorvelitAliquam.co.uk;29/11/2019;52
850031063;A L'HOTEL QUEEN MARY;Perkins;Chaney;04 62 10 44 39;nec.enim@risus.net;17/11/2019;61
830727764;HOMERE;Barr;Rana;04 14 68 39 64;pretium.et@sem.ca;01/10/2019;54
519920128;SNC BATELIERE;Fry;Garrett;06 30 78 89 81;tortor.Nunc@Nunc.net;11/10/2019;71
531757128;A LINE;Fuller;Tanisha;08 57 50 29 39;sed@lorem.co.uk;02/10/2019;92
825300718;HOMMES ET FINANCES;Stone;Wyoming;08 75 86 90 89;suscipit.est.ac@lorem.com;21/11/2019;54
799846571;SNC BENOUARI ERIC ET TAYEB;Diaz;Abel;04 13 08 97 00;neque.vitae@ultricesmaurisipsum.net;12/10/2019;60
535035109;A LIVR'OUVERT;Gallegos;Veronica;04 21 67 81 23;lorem@eratvolutpat.ca;11/10/2019;61
811482306;HONDELATTE LAPORTE ARCHITECTES;Mckee;Jeremy;02 16 93 70 19;nunc.nulla.vulputate@euarcuMorbi.co.uk;25/10/2019;55
388365280;SNC BERTHELOT FOURREAU;Velazquez;Wilma;01 57 48 65 44;eu.dolor.egestas@CuraeDonectincidunt.net;11/11/2019;69
500454756;A M B ASSURANCES;Day;Reece;09 31 38 17 77;et@elit.co.uk;18/10/2019;94
835169434;HONG SHUN;Mendoza;Quynn;07 30 44 18 07;sociis@nibh.org;05/11/2019;79
813306966;SNC BOSC DECOBERT;Newman;Keelie;04 37 62 86 87;massa.Vestibulum.accumsan@utnisia.com;11/11/2019;56
841887003;A M B FORMATIONS;Santana;Wyatt;05 88 49 68 48;arcu.Morbi@vitaesodalesnisi.net;26/11/2019;98
839245628;HONODIS;Pace;Lev;07 06 84 80 11;lorem.luctus.ut@nequepellentesquemassa.com;19/10/2019;80
421263500;SNC CAUMARTIN 2005;Mccarthy;Wesley;03 63 78 28 40;metus@pede.org;03/10/2019;76
321263659;A MI CHEMIN;Becker;Eagan;06 98 40 92 59;bibendum@Pellentesqueultriciesdignissim.co.uk;09/10/2019;89
791970205;HONOTEL MDO;Gordon;Abbot;01 85 11 74 13;non.luctus.sit@nequeNullamnisl.co.uk;16/10/2019;60
481470714;SNC CHAIGNEAU;Cruz;Zenia;02 93 66 79 64;quis.diam@nislNullaeu.net;12/11/2019;57
433717089;A NET EUROPE SAS;Hurley;Nevada;07 13 09 79 97;adipiscing.elit@disparturient.edu;22/11/2019;50
452043730;A NOTRE DAME D'AUTEUIL;Webster;Gabriel;09 41 75 65 35;dictum.mi.ac@sem.ca;27/10/2019;90
488607409;A NOUS PARIS;Byers;Zoe;06 88 12 52 69;in.felis@utnullaCras.org;20/10/2019;50
833641509;A O C;Barnes;Lance;03 68 99 15 36;feugiat@nec.com;27/10/2019;83
482055316;A ONE SHOP;Powell;Dominique;03 20 19 97 91;scelerisque.mollis@mi.org;05/11/2019;99
808900336;A P A;Levy;Ima;04 36 21 52 72;mollis.nec.cursus@blanditNamnulla.org;14/10/2019;68
323391193;A Q D A;Ford;Cole;06 11 21 66 71;Integer.sem.elit@egestasa.com;25/11/2019;83
753983592;A R O E V E N;Lyons;Nolan;03 67 13 05 04;libero.Morbi.accumsan@velmauris.edu;25/11/2019;69
452689094;HOOGSTOEL & ASSOCIES SAS;Poole;Glenna;07 22 96 17 16;et.eros.Proin@dui.com;16/10/2019;58
518455100;HORCONEX;Curry;Rebekah;03 19 31 38 76;arcu@semNulla.co.uk;25/10/2019;100
448977454;HORIZON MOKA;Cohen;Piper;05 58 50 60 62;urna.Nullam@mollisvitae.edu;13/11/2019;76
422919613;HORIZON TECHNICS;Dunn;Armando;08 50 02 04 95;quis@ornareplacerat.net;13/11/2019;57
841924715;HORRENBERGER;Hardy;Lara;07 47 90 01 55;purus@Maecenasliberoest.ca;26/10/2019;92
824666937;HORS LIMITES ARCHITECTURE;Middleton;Emery;08 42 87 32 32;Fusce.aliquet@eu.edu;17/10/2019;50
529853269;HORS SERIE;Barker;Shaine;07 07 78 36 81;diam.Duis.mi@Vivamusmolestiedapibus.net;26/11/2019;76
43909126;HORTENSE CEZANNE;Landry;Nelle;05 90 87 02 83;quis.arcu@commodotincidunt.edu;14/11/2019;97
494034812;SNC CONSEIL ET ASSISTANCE;Jacobson;Karly;09 66 00 59 55;vitae.risus.Duis@ut.ca;31/10/2019;92
832815484;SNC DU 13 R TROUSSEAU;Bentley;Stephanie;02 69 07 40 04;rutrum@nibh.edu;22/11/2019;69
309458941;SNC GBT;Weber;Connor;06 31 70 08 10;non@Donec.ca;18/10/2019;66
832962989;SNC GRANDE PHARMACIE DE BELLEVILLE;Hardy;Signe;05 25 33 42 17;non.nisi@venenatisa.edu;30/10/2019;52
528914609;SNC GRENELLE SUFFREN;James;Shea;01 83 18 93 69;sed.libero@Integerid.co.uk;01/11/2019;84
750211575;SNC HJF FLORESCENCE;Berger;Candice;04 33 67 46 67;auctor@Aliquamrutrumlorem.org;22/10/2019;97
442580155;SNC HORSTEL LE MAS;Walton;Thane;03 18 97 76 39;sed@convallisligulaDonec.edu;22/11/2019;64
414991265;SNC HOTEL DAVOUT;Weaver;Jonas;07 36 04 55 28;malesuada@turpis.net;10/11/2019;51
682002134;A S COMMUNICATION;Woodard;Baxter;04 60 73 47 03;nisl@purus.edu;30/11/2019;88
820335131;HORUS;Soto;Merritt;04 44 12 25 41;ac.mattis@adipiscingelit.co.uk;10/10/2019;54
838742468;SNC HOTEL PARADIS;Glenn;Nissim;08 18 43 79 56;ut@etlaciniavitae.edu;24/10/2019;72
538462474;A S E AUTO SERVICE EXCELLENT;Riley;Robin;02 09 40 38 11;Nulla.dignissim.Maecenas@Pellentesque.org;02/11/2019;76
483067526;HORUS DEVELOPMENT FINANCE;Slater;Paloma;07 58 90 66 20;Nunc.ac@urnaet.edu;01/11/2019;51
832606982;SNC HOTELIERE ARES EIFFEL;Evans;Beatrice;06 04 09 92 50;ligula.Aenean@Sed.edu;24/10/2019;71
219200268;A SAINT BRIEUC;Kaufman;Idona;06 55 52 50 92;Etiam.bibendum.fermentum@montes.edu;07/10/2019;82
821403490;HORZE FRANCE;Knox;Karleigh;02 38 82 08 16;sit.amet.risus@sitamet.ca;17/11/2019;70
492061718;SNC LE CLIGNANCOURT;Flores;Glenna;07 04 24 92 86;aliquet.sem.ut@metusfacilisis.co.uk;07/10/2019;86
841853716;A SAINTE MARIE LE SAVIO;Lamb;Xaviera;01 46 49 04 35;tincidunt.nibh.Phasellus@dolornonummyac.ca;13/10/2019;87
481799237;HOSSAIN JAKIR SARL;House;Germane;02 98 03 99 28;nibh.enim.gravida@NullafacilisisSuspendisse.net;30/11/2019;100
482762424;SNC LEVY;Hendricks;Gisela;01 73 54 20 64;velit@nuncsed.edu;13/10/2019;53
438706103;A TOI MAURICE;Dean;Ulla;09 30 75 46 84;mattis.velit@egestasnunc.com;10/10/2019;81
840956247;HOTCAKES;England;Quin;06 91 22 26 88;netus@Vivamusnonlorem.edu;11/10/2019;76
853159028;SNC LONG LIFE PRESTATIONS;King;Margaret;07 97 11 37 64;Nulla@Sed.com;24/10/2019;74
489808840;A TRIANON GOURMET;Delaney;Fredericka;06 78 70 40 87;Duis@necmetusfacilisis.edu;24/11/2019;68
520797465;HOTEL & LODGE;Torres;Orli;01 44 20 86 09;scelerisque@Vivamuseuismodurna.org;15/11/2019;50
382366805;SNC LYZ;Stone;Blaine;08 84 12 40 31;dictum.augue.malesuada@ut.ca;23/11/2019;99
853742369;A VERSE TOUJOURS;Lindsey;Winter;07 80 28 34 72;libero.Donec.consectetuer@Sednulla.org;24/10/2019;64
843335589;HOTEL 52;Pitts;Germaine;07 14 05 95 76;ligula.Nullam.enim@ultriciessemmagna.co.uk;10/10/2019;91
501345847;SNC MILLA ETOILE;Hoover;Savannah;06 62 96 08 07;odio.semper.cursus@lacus.co.uk;17/11/2019;88
353602766;A Z ALIMENTATION;Medina;Heidi;08 06 07 41 94;nascetur.ridiculus.mus@magnaUt.com;19/11/2019;61
38864252;HOTEL ACADIA;Fitzpatrick;Echo;03 82 29 56 91;dui@mollis.edu;24/11/2019;96
38790259;SNC PHARMACIE BRANCION VOUILLE;Barber;Samantha;07 62 82 74 97;commodo.ipsum.Suspendisse@etmalesuadafames.ca;17/11/2019;91
838900462;A&A;Tillman;Rebekah;01 32 85 24 00;vel@antebibendum.edu;19/11/2019;75
839252780;HOTEL AGORNO CITE DE LA MUSIQUE;Gilmore;Kirby;06 53 78 60 62;arcu.ac@nonarcuVivamus.org;26/11/2019;98
805382645;SNC PHARMACIE CATALA & CHAPELIER;Garrison;Hermione;04 29 58 16 62;vulputate.dui.nec@netus.org;11/10/2019;99
407714617;A&M DISTRIBUTION;Noel;Iona;03 90 85 69 60;dapibus@nislQuisque.net;23/11/2019;88
833872872;HOTEL AIGLON;Watts;Adria;01 81 84 43 86;imperdiet.non@nisiaodio.ca;05/11/2019;54
402428981;SNC PHARMACIE COHEN;Mccarthy;Madeson;04 49 30 94 20;iaculis.enim@metusInnec.com;29/10/2019;74
824807234;A. GOMBERT;Patel;Shay;06 88 74 44 97;ac.turpis.egestas@venenatis.net;22/10/2019;70
831801345;HOTEL ALBERT 1ER;Nixon;Gay;09 72 30 53 35;ultrices.sit.amet@auctorquistristique.net;03/11/2019;83
822259958;SNC PHARMACIE GAYDAN & LE BERRE;Small;Tasha;03 74 81 92 83;luctus.Curabitur.egestas@arcuNuncmauris.co.uk;27/10/2019;80
798956413;A. WEBER METAUX;Summers;Susan;03 10 57 18 59;cursus@lacus.net;11/10/2019;79
840780738;HOTEL ALEXANDRA;Willis;Shannon;08 48 34 25 71;a@ametlorem.net;08/10/2019;94
791460587;SNC PHARMACIE MORCHOISNE CHHUN;Pate;Mara;08 05 34 24 86;mollis.Duis.sit@pharetraNamac.co.uk;03/10/2019;100
842922569;A.A;Hall;Jocelyn;03 42 76 06 67;urna@loremtristiquealiquet.net;14/10/2019;98
452239106;HOTEL AMERICA OPERA;Stewart;Nevada;01 94 95 46 70;eu.dolor@purusaccumsan.com;06/11/2019;75
445041791;SNC PHARMACIE STIOUI;Gay;Ainsley;05 88 77 49 40;commodo@convallisconvallisdolor.org;18/11/2019;55
851008375;A.B.H.;Sawyer;Breanna;06 46 13 22 52;dolor@egetmetuseu.net;26/11/2019;67
844572966;HOTEL APOLLO OPERA;Cooke;Jillian;09 10 71 89 78;Aliquam.erat@Ut.net;08/11/2019;51
339064909;SNC PHARMACIE TEBOUL GAZERES;Mills;Brianna;08 15 03 16 85;ut.pharetra@Donec.ca;24/10/2019;63
403860604;A.B.L. METAL;Day;Pamela;06 38 19 00 73;nec@Crasegetnisi.co.uk;15/11/2019;95
421289554;HOTEL ARC DE TRIOMPHE ETOILE;Velasquez;Shana;07 62 24 49 25;velit.Pellentesque@Quisquelibero.com;24/11/2019;54
840507800;SNC POUJADE & CIE   LE BALZAC;Anderson;Nayda;09 22 68 11 25;Nam.tempor.diam@Integermollis.ca;03/11/2019;77
844577320;A.B.L.L. 55;Sanders;Leigh;06 67 00 49 23;penatibus.et@lacus.org;30/10/2019;85
844030130;HOTEL ARCADIE MONTPARNASSE;Robles;Hadley;05 17 27 35 08;justo@dolor.co.uk;03/11/2019;73
435237011;SNC PRIMEUM;Odonnell;Kiara;09 47 97 01 08;et@cursusvestibulum.ca;06/10/2019;84
499915429;A.C. SIMON;Payne;Quon;05 61 54 73 59;sed@arcuSedeu.edu;30/10/2019;80
484560180;A.C.A SOCIETE D AVOCATS;Griffith;Gay;09 42 53 32 19;orci@facilisiSedneque.net;29/10/2019;92
821555620;HOTEL ASTRID;Gould;Imelda;04 37 75 83 56;et.netus.et@viverraDonec.net;15/10/2019;82
841863434;HOTEL ATALA;Lewis;Olga;01 33 57 85 00;mus.Donec.dignissim@pharetra.com;28/10/2019;80
804175628;SNC SALERNO;Slater;Olga;03 79 15 23 91;arcu.et.pede@diamatpretium.net;29/10/2019;87
320089063;SNC SCEMAMA;Peterson;Nina;06 19 16 65 49;quis.diam.Pellentesque@feugiat.ca;20/11/2019;50
820928521;A.C.C.;Griffith;McKenzie;07 33 29 16 71;eros.Proin@maurisblanditmattis.edu;06/10/2019;74
852943372;HOTEL ATMOSPHERES;Calhoun;Gisela;07 58 07 03 77;Nunc@in.co.uk;06/10/2019;80
492276548;SNC SIRIUS;Colon;Kylee;03 49 94 76 80;diam@ridiculusmus.ca;23/10/2019;99
840282271;A.C.G ASSAINISSEMENT;Pratt;Octavia;02 93 06 09 91;dolor@Aliquam.co.uk;28/11/2019;62
422656728;HOTEL BAILLI DE SUFFREN;Whitfield;Lacy;01 60 43 36 09;Cum.sociis.natoque@CurabiturmassaVestibulum.edu;11/11/2019;82
834124448;SNC STEF-TFE SERVICES;Dillard;Indigo;02 05 73 93 64;justo.Praesent@auctorvelitAliquam.com;11/10/2019;58
378402606;A.C.G. LIFE;Kaufman;Risa;04 00 31 48 42;Suspendisse@id.edu;07/10/2019;94
410805402;HOTEL BASSANO;Morin;Ingrid;01 59 09 48 53;malesuada.vel.venenatis@idmollis.ca;02/11/2019;81
851335752;SNC TABAC DE LA MUETTE-BONGRAND;Mayer;Jacqueline;03 02 18 33 33;turpis.Nulla@pedeNunc.org;06/10/2019;62
481491041;A.C.G.A.;Jones;Zelenia;06 64 72 21 30;Cum@metusurnaconvallis.ca;26/10/2019;55
531094506;HOTEL BEAUBOURG;Shepard;Tasha;02 40 25 46 71;consectetuer.ipsum.nunc@enimSed.org;10/10/2019;53
834053712;SNCEEL;Bass;Portia;07 14 91 23 24;orci.Phasellus.dapibus@consectetuercursus.org;08/10/2019;75
849538137;A.C.M.E.;Bailey;Mira;07 89 11 32 59;luctus.lobortis.Class@telluseu.edu;23/11/2019;100
484998000;HOTEL BELGRAND PARIS CHAMPS ELYSEES;Lopez;Aspen;03 57 70 59 42;tellus.Phasellus@sapien.net;06/10/2019;91
809797384;SNEAKERSNSTUFF;Day;Gretchen;03 52 34 22 49;arcu@tempusrisusDonec.ca;11/11/2019;80
825095789;A.C.V.;Harper;Clementine;06 47 34 35 52;tempus.risus@aliquet.edu;07/11/2019;100
841746480;HOTEL BELIDOR;Francis;Lydia;05 03 92 45 94;Donec.nibh@acfacilisis.ca;19/10/2019;61
839614096;SNEHA;Hayes;Kaden;03 53 49 18 80;ligula@enim.ca;03/10/2019;68
402853337;A.D SPORTS;Mcgowan;Catherine;04 23 95 71 79;dolor.quam@odioPhasellusat.ca;08/11/2019;75
844183285;HOTEL BELLECHASSE;Edwards;Ursa;07 13 96 37 15;augue@velit.edu;24/11/2019;93
848425039;SNESUP;Knight;Michelle;03 86 49 48 63;purus@enim.com;08/10/2019;68
421483926;A.D.G.;Bass;Penelope;01 62 74 31 85;vitae@dignissim.org;12/11/2019;62
792492431;HOTEL BELLEVUE ET CHARIOT;Maynard;Lacey;01 23 29 95 16;nulla.Integer.urna@nequetellus.co.uk;24/11/2019;87
804360295;SO DI M E SOCIETE DE DISTRIBUTION DE MANNEQUINS ET D'ETALAGES;Park;Britanni;02 80 47 16 66;parturient.montes.nascetur@Maecenasmi.org;13/11/2019;73
452007941;A.D.I.S SECURITE;Whitley;Libby;04 99 16 16 06;vulputate@semutdolor.net;08/10/2019;90
539375378;HOTEL BIBLIOTHEQUE DE FRANCE PARIS TOLBIAC;Nichols;Mercedes;02 81 93 83 32;orci.quis.lectus@facilisisfacilisismagna.com;13/11/2019;69
379617632;SO LEAD;Clarke;Elaine;01 00 83 62 23;lorem.semper.auctor@Nullamsuscipitest.co.uk;14/10/2019;76
523247328;A.F.A.;Armstrong;Zenia;01 56 24 02 61;amet.nulla@arcuimperdietullamcorper.org;03/11/2019;91
830627154;HOTEL BRADY;Olson;Xerxes;06 80 36 75 39;diam.lorem.auctor@et.org;09/11/2019;77
791809882;SO MUST;Osborn;Ursula;07 32 14 90 61;nec.euismod.in@nec.ca;28/10/2019;99
842392219;A.F.L. GESTION;Sharp;Quintessa;07 83 91 05 17;In.scelerisque@inmolestie.ca;21/10/2019;76
837819028;HOTEL BRITTANY;Garza;April;01 70 48 83 26;velit.Cras@arcu.co.uk;03/10/2019;97
499870905;SO SHAPE;Macdonald;Brynn;01 48 15 92 01;mauris.sapien.cursus@Aenean.org;20/11/2019;80
439414046;A.F.M;York;Aurelia;04 14 76 84 23;Pellentesque.ultricies.dignissim@eros.ca;15/11/2019;86
829124650;A.G. CONSEIL ALAIN GUEZ CONSEIL;Young;Gwendolyn;08 81 96 39 01;facilisis.Suspendisse.commodo@feugiatplacerat.edu;12/11/2019;99
494037237;A.G.E;Williamson;Winter;03 03 89 17 14;felis.eget.varius@risus.co.uk;28/10/2019;91
39178223;A.G.P;Charles;Iola;02 08 00 79 48;amet.risus.Donec@orci.org;28/11/2019;56
503003998;HOTEL BUILDING CONSEIL;Steele;Kendall;09 42 96 19 40;nascetur.ridiculus.mus@felisDonec.co.uk;06/11/2019;98
839661055;HOTEL CAMBON;Mejia;Ima;04 62 06 17 95;risus.Donec.nibh@eleifend.edu;19/10/2019;87
834750721;HOTEL CAMBRAI;Scott;Lillith;04 37 66 37 80;rutrum.lorem@egestasDuisac.net;30/10/2019;87
849334362;HOTEL CAMBRONNE;Cote;Aimee;06 64 19 33 38;montes.nascetur.ridiculus@egestas.org;02/11/2019;90
828994970;SO YOU;Kaufman;Nicole;09 24 00 07 37;adipiscing.non.luctus@Donec.org;29/11/2019;92
839356102;SO.GE.TE;Crawford;Brittany;09 97 70 21 00;ac.eleifend.vitae@elementumsemvitae.net;24/10/2019;65
345087282;SOADEO;Gallagher;Zenia;09 78 08 93 47;sapien@ultricesposuere.com;27/10/2019;71
791026180;SOAN;Richmond;Hiroko;07 72 00 20 96;Morbi@semper.net;14/11/2019;95
479281024;A.G.R.I ASSISTANCE GESTION ET REALISATION IMMOBILIERES;Irwin;Nita;09 13 51 77 97;congue@sagittisDuisgravida.ca;27/11/2019;63
840143895;HOTEL CAMELIA;Russell;Halee;03 93 48 63 80;Nulla.interdum.Curabitur@tortor.net;23/10/2019;77
811596493;SOBOA SARL;Cooke;Uma;01 39 00 72 02;sociis.natoque.penatibus@velitCras.co.uk;07/11/2019;63
801076134;A.I.2.P;Perry;Rina;07 46 22 47 16;semper.cursus.Integer@iaculisodio.co.uk;14/10/2019;97
814838330;A.I.C.P.;Tyler;Ginger;02 04 26 34 22;dictum.ultricies.ligula@bibendum.edu;11/10/2019;51
819035023;HOTEL CARLTON MONTPARNASSE;Hurley;Grace;09 26 74 00 22;fringilla.ornare@enim.com;11/11/2019;64
839173796;HOTEL CECILIA;Ortega;Sonia;05 04 36 40 44;viverra.Donec@necmalesuada.org;25/11/2019;53
