DATE_CREATION;SIREN;NOM_ENTREPRISE;NB_SALARIES;ADRESSE_RUE;VILLE;CODE_POSTAL;FORME_JURIDIQUE
26/11/2003;451658389;HARRYS;190;9 Rue SAINTE MARIE;Le Petit-Quevilly;63159;SA
25/12/1995;299200097;SHAYA GROUP;8;2 Avenue LEONARD DE VINCI;Chalon-sur-SaÃ´ne;51118;SARL
27/11/2018;790815286;HASCOET ET ASSOCIES;3071;1 Rue PIERRE BROSSOLETTE;Aubervilliers;70189;SA
21/07/2009;394792923;SHAYNADIS;65;8 Rue SAINTE MARIE;Aubervilliers;19554;SARL
01/01/2017;443937438;HASSELBAD FRANCE SAS;9;24 Rue GAULTIER;Schiltigheim;31789;SARL
29/01/2019;847922606;SHEFOB;1;100 Esplanade DU GENERAL DE GAULLE;Nevers;48139;EURL
19/10/2001;439263179;HATSLAHA AIDA OPERA;2;41 Rue DU CAPITAINE GUYNEMER;Sens;97948;SARL
01/12/2017;834209959;SHEMEN;210;137 Boulevard SAINT DENIS;Argenteuil;25815;SA
01/02/2012;399780329;HAUSSMANN AUDIT CONSULTANTS;242;154 Rue ARMAND SILVESTRE;Vitrolles;34375;SA
10/07/1997;342805843;SHEN;242;29 Rue RASPAIL;Saint-Dizier;55938;SA
01/10/2019;877877837;HAUSSMANN EXECUTIVE SEARCH;92;14 Rue JULES FERRY;Saint-Dizier;33370;SARL
24/06/2002;784671257;SHEN NONG;2282;11 ALL DE L ARCHE;Castres;33370;SA
03/01/1997;410963656;HAUSSMANN SERVICES DE SANTE;7524;3 Rue DE LA SABLIERE;Vichy;79046;SA
06/06/2014;793577016;SHENKUO BUSINESS PARTNERS;150;36 Rue JULES FERRY;Dijon;98611;SA
09/08/2017;831430178;HAUT COMME 3 POMMES;6;6 Rue ALBERT SIMONIN;Ajaccio;65846;SARL
26/09/2018;750580243;SHEPALI;3716;12 Avenue LEONARD DE VINCI;SÃ¨te;84923;SA
17/03/2017;505099598;HAUTES ETUDES APPLIQUEES DU DROIT (HEAD);194;22 Boulevard DE LA PAIX;Troyes;16748;SA
01/01/1900;785355041;SHERFI SAS;61;1 Place DES SAISONS;AlÃ¨s;24243;SARL
21/06/2004;477855548;HAVRE TRONCHET;1;16 Place DE L IRIS;Castres;25648;EURL
29/07/2011;533866893;SHERPA - SOCIETE DES HOTELS ECONOMIQUES DE LA REGION PARISIENNE;3;14 Avenue DUBONNET;Creil;79799;SARL
24/02/2016;818689556;HAWAI IVRY;9;43 Avenue GAMBETTA;Boulogne-sur-Mer;84851;SARL
01/12/2017;833524713;HAWAII;4;18 Avenue LEONARD DE VINCI;Blois;54020;SARL
04/12/2015;499680494;SHIGERU BAN ARCHITECTS EUROPE;8;3 Rue DE COLOMBES;Talence;12265;SARL
01/04/2011;531056257;SHINETIME;103;10 Rue DE LA MONTAGNE;AlÃ¨s;64360;SA
16/05/2014;802615591;HAXO EXOTIQUE;189;24 Rue CARLE HEBERT;Nancy;70493;SA
01/10/1992;389005067;SHINICHI;8;5 Boulevard GEORGES CLEMENCEAU;Vierzon;96929;SARL
01/07/2015;812592830;HAXO-BLUN;6;2 Rue EDITH CAVELL;ChÃ¢tellerault;28165;SARL
01/07/2016;821287810;SHINIE;430;1 Promenade SAINT NICOLAS;ChÃ¢tellerault;25648;SA
30/03/2005;790626246;HAY;5557;47 Rue DE BEZONS;Quimper;57184;SA
22/08/2017;831558721;SHINSEGAE POIRET;7851;18 Rue SAINT GUILLAUME;Grasse;85333;SA
20/12/2013;790932412;HAYA;1340;293 Boulevard SAINT DENIS;Niort;11047;SA
01/06/2019;853412237;SHINZZO AND CO;4111;  TOUR FRAMATOME;Ajaccio;25648;SA
01/01/2010;504472044;HAYS FINANCE;160;38 Rue DE NORMANDIE;Saint-LÃ´;54190;SA
25/09/2003;452796394;SHIPLEADER RETURNS;3;88 Rue ARMAND SILVESTRE;Mont-de-Marsan;53751;SARL
22/07/2014;803672310;HAYS MEDIAS;8;5 Rue MOLIERE;BÃ©thune;85134;SARL
16/11/1989;352779730;SHIPTON & HENEAGE;4;13 Chemin PIERRE DE RONSARD;Cholet;12930;SARL
01/01/2007;433919834;HAYS PHARMA TECHNOLOGY CONSULTING;80;9 Rue VICTOR HUGO;Saumur;40469;SARL
27/05/2019;851638882;SHIRO;1;42  TERRASSE DE L IRIS;Avignon;98778;EURL
01/12/2014;808326839;HAZA;98;71 Boulevard SAINT DENIS;Clermont-Ferrand;63159;SARL
11/05/2000;433174182;SHIRYU;85;33 Boulevard SAINT DENIS;Poitiers;51118;SARL
01/11/2018;753435676;HB 75;7;17 Rue CANTIN;Blois;70189;SARL
28/11/1996;411107402;SHIVA GROUPE;228;56 Rue DE BEZONS;Caen;19554;SA
01/08/2014;328896501;HB DIFFUSION;7525;110 Avenue MARCEAU;AngoulÃªme;31789;SA
01/03/2011;530971399;SHIVAS;4980;20 Avenue ANDRE PROTHIN;LiÃ©vin;48139;SA
19/07/2005;419607007;HBA;4519;100 Esplanade DU GENERAL DE GAULLE;Le Mans;97948;SA
02/01/2014;477950562;SHOC;118;4 ALL BOTTICELLI;Dieppe;25815;SA
25/12/1995;38891867;HBC LEGAL;6;14 Rue GAULTIER;Le Puy-en-Velay;34375;SARL
20/10/1989;352369656;SHOJI HOME;6;55 Rue DE BEZONS;Cholet;55938;SARL
31/07/1999;424005320;HBE;16;1 Rue DE BITCHE;Martigues;33370;SARL
20/06/2019;839932696;SHOP IN STORE;113;100 Esplanade DU GENERAL DE GAULLE;Creil;33370;SA
01/01/2012;453741498;HBH COMMUNICATION;3;61 Rue DU 22 SEPTEMBRE;PÃ©rigueux;79046;SARL
01/01/2013;316917392;SHOP SOUVENIRS;1132;100 Esplanade DU GENERAL DE GAULLE;Cholet;98611;SA
25/07/2007;499824290;HBHM;50;4 Passage DE LA REUNION;Vierzon;65846;SARL
20/10/2010;521821447;SHORTLINKS;7;88 Rue DES ETUDIANTS;Marcq-en-Baroeul;84923;SARL
10/09/1997;413914193;HBL CONSEIL;5;38 Rue JP TIMBAUD;Colmar;16748;SARL
20/12/2001;441975133;SHOVO PARVEZ;5;47 Avenue DE L EUROPE;Pontarlier;24243;SARL
15/03/2016;819666249;HC;36;110 Esplanade DU GENERAL DE GAULLE;ChÃ¢teauroux;25648;SARL
14/07/2008;505032094;SHOWROOM 11 ROYALE;29;20 Rue LOUIS ULBACH;ChÃ¢lons-en-Champagne;79799;SARL
25/12/1995;38884110;HCH 588;210;39 Rue GAULTIER;BÃ¨gles;84851;SA
31/07/2014;804451342;SHOWROOM BLB;42;65 Avenue DE LA REPUBLIQUE;Brive-la-Gaillarde;54020;SARL
19/03/2015;810505305;HCP PACKAGING FRANCE;568;15 Quai DU PRESIDENT PAUL DOUMER;Charleville-MÃ©ziÃ¨res;12265;SA
01/01/2008;501747539;SHUN JI;5151;3 Square LEON DE BERTALOT;Blois;64360;SA
01/10/1990;381994854;HDA;185;42 Rue LOUIS ULBACH;Auxerre;70493;SA
27/03/2015;810943019;SIA HOLDING;1;12 Avenue LEONARD DE VINCI;Saint-Herblain;96929;EURL
01/03/2018;790527949;HDF BEAUTY;1765;88 Rue ARMAND SILVESTRE;Bastia;28165;SA
30/06/2017;438915779;SIACKHASONE FRERES;186;79 Rue DE COLOMBES;Schiltigheim;25648;SA
01/01/2017;803048321;HDF PARA;219;36 Boulevard DE VERDUN;Tours;57184;SA
10/12/2010;529251217;SIAE;8;23 Rue CARNOT;Gap;85333;SARL
24/11/2018;844262931;HDN;6;293 Boulevard SAINT DENIS;Tournefeuille;11047;SARL
01/09/2019;775666357;HDN;6;8 Avenue DU CHATEAU DU LOIR;Auxerre;25648;SARL
14/02/2008;502752983;SIB FRANCE SYSTEME INFORMATIQ BUREAUTIQ;6;79 Rue DE COLOMBES;Strasbourg;84407;SARL
01/04/2002;442326112;SIBIOTECH;4;42 Rue HUDRI;Caen;89111;SARL
26/01/2018;835053794;HDS;58;29 Boulevard GEORGES CLEMENCEAU;Saint-LÃ´;40623;SARL
30/06/2017;791549900;SIBM;126;22 Place DES VOSGES;Mont-de-Marsan;17009;SA
28/02/2012;824193692;HDW SEC;8;12 Rue KILFORD;Pontarlier;40478;SARL
03/09/2007;441330818;SICARA;4;100 Rue DE COLOMBES;Chartres;19165;SARL
18/04/2006;489880625;HEALTH AND BIOTECH FRANCE (H & B FRANCE);865;51 Avenue MARCEAU;Moulins;65993;SA
16/01/2018;422006262;SICASOV;6076;9 Avenue DE LA LIBERTE;Brive-la-Gaillarde;12364;SA
15/06/1996;408182830;HEALTH CITY FRANCE;6725;137 Rue ARMAND SILVESTRE;Brive-la-Gaillarde;71293;SA
25/05/2003;448043307;SICASS EUROPE;2393;14 Rue MOLIERE;Bergerac;80304;SA
01/01/2017;391113776;HEALTH CONSULTING SERVICES INTERNATIONAL;3754;26 Rue DE BEZONS;Metz;89653;SA
03/01/2019;844162453;SICCA IDF;32;18 Avenue D ALSACE;Saint-Maur-des-FossÃ©s;98727;SARL
17/09/2018;488766510;HEAT;8;19 Avenue DUBONNET;Saint-Brieuc;68873;SARL
01/11/2012;478089592;SICNL;3;54 Boulevard DE LA PAIX;Saint-DiÃ©-des-Vosges;99648;SARL
08/02/2007;494152325;HEATALY;4;2 Avenue GAMBETTA;Reims;25207;SARL
30/09/1997;413888850;SIDIESE;134;14 Rue DU PRESIDENT KRUGER;HÃ©rouville-Saint-Clair;55594;SA
01/09/2018;848953204;HEAVEN;7;12 Rue CAMILLE SAINT SAENS;Vannes;19566;SARL
01/01/2014;801133760;SIEL;52;2 Rue DE SEBASTOPOL;Soissons;21687;SARL
01/10/2015;380176016;HECHT FRANCE;201;10 Rue GAULTIER;Ajaccio;19955;SA
02/10/2017;832495980;SIEN;4;11 Rue LOUVAIN;Montreuil;22527;SARL
01/01/1900;693001281;HEDEOS;188;1 Place SAMUEL DE CHAMPLAIN;Saint-Ã‰tienne-du-Rouvray;97543;SA
02/05/2019;850461690;HEDIOS PATRIMOINE;6281;54 Avenue PUVIS DE CHAVANNES;Nevers;86732;SA
25/12/1995;38931184;SIERRA-NET;662;53 Avenue GAMBETTA;MÃ¢con;99688;SA
29/07/1999;424787901;SIGEM;1315;8 Boulevard DE LA PAIX;Saint-Louis;43982;SA
01/09/2004;480062553;HEFED;232;81 Avenue MARCEAU;Bayonne;9264;SA
03/10/2006;492600523;SIGHTLINE;1; Avenue LEONARD DE VINCI;Tours;72970;EURL
03/11/2014;791254790;HEIMDALL;8;7 Rue DE LA MUTUALITE;Arras;21617;SARL
26/11/2014;808094767;SIGN SERVICES;112;9 Rue PAUL NAPOLEON ROINARD;Vannes;86615;SA
25/12/1995;38844395;HELENE FRICOUT EURL D ARCHITECTURE;60;1 Place DES SAISONS;ChÃ¢lons-en-Champagne;83176;SARL
15/08/2010;524082062;SIGNATURE ST GERMAIN DES PRES SARL;2;51 Avenue LEONARD DE VINCI;Chalon-sur-SaÃ´ne;55982;SARL
04/04/2005;482147899;HELENE K - HELENE GAINVILLE;2903;16 Rue DES LILAS D ESPAGNE;Ã‰pinal;30229;SA
05/02/2013;511012643;SIGNATURES;65;12 Rue EDGAR QUINET;AngoulÃªme;55151;SARL
01/03/2010;398292201;HELIODORE;6;31 Rue ADAM LEDOUX;Laval;45566;SARL
19/07/2005;483355475;SIGNATURS;1;12 Rue CARLE HEBERT;Sarreguemines;73811;EURL
02/07/2018;840859367;HELIONWOOD;3;43 Avenue MARCEAU;Cholet;63159;SARL
15/01/1997;411363161;SIGNES;17;1  PARC DE LATTRE DE TASSIGNY;Saint-Malo;51118;SARL
11/10/2006;492341763;HELIOPROD METHANISATION;27;9 Rue MOLIERE;Bastia;70189;SARL
24/09/2015;814181020;SIGT;18;4 Rue EDITH CAVELL;Paris;19554;SARL
02/09/2019;853561819;HELIOS;150;13 Place DES DOMINOS;Bayonne;31789;SA
18/06/2017;832419634;SILAN;741;25 Rue VICTOR HUGO;Bordeaux;48139;SA
11/03/1991;318133725;HELIUM;9653;2 Avenue MALVESIN;Cherbourg-Octeville;97948;SA
06/08/2018;841747785;SILENT;27;293 Boulevard SAINT DENIS;Bastia;25815;SARL
20/05/2010;522611565;HELLEBORE;4;39 Avenue LEONARD DE VINCI;Marcq-en-Baroeul;34375;SARL
04/11/2019;821284635;SILIAS TRADING;1765;33 Place DES COROLLES;Aurillac;55938;SA
16/12/1987;343559498;HELLIN SEBBAG ARCHITECTES ASSOCIES;171;1 Rue ADOLPHE LALYRE;Bastia;33370;SA
07/06/2018;393433586;SILIGENCE;138;41 Boulevard DE VERDUN;Dieppe;33370;SA
01/11/2014;808611198;HELLMA FRANCE;2;4 Boulevard SAINT DENIS;Agen;79046;SARL
04/02/2013;499575702;SILLAGE DISTRIBUTION SARL;7;65 Avenue GAMBETTA;Talence;98611;SARL
01/09/2016;810899674;HELLO TOMORROW;5;7 Rue DES SALLES;Caen;65846;SARL
04/07/2005;483502803;HELLOHIKIMORI;4;1 Rue FALLET;Sotteville-lÃ¨s-Rouen;84923;SARL
14/02/2017;827756438;HELOENCE;2;4 Rue MASSENET;MÃ©rignac;16748;SARL
28/06/2018;810196436;HELVET UNDERGROUND;163;80 Rue MOULIN DES BRUYERES;Limoges;24243;SA
05/11/2017;839155017;HEMERA DIGITAL CONSULTING;157;73 Rue SEGOFFIN;Saint-Denis;25648;SA
01/07/2018;811544303;SI-LOGISM;8;37 Avenue DUBONNET;Nantes;79799;SARL
01/04/2011;504466715;SILOM GROUP SARL;2;9 Rue MOULIN DES BRUYERES;Vandoeuvre-lÃ¨s-Nancy;84851;SARL
28/03/2018;838580793;SILTEC;3415;5  PARC DE LATTRE DE TASSIGNY;Belfort;54020;SA
23/11/2013;798149142;SILVER CREEK;7698;4 Esplanade DU GENERAL DE GAULLE;MontluÃ§on;12265;SA
03/10/2016;823642574;SILVER VOYAGES;8964;16 Rue MOULIN DES BRUYERES;Montauban;64360;SA
15/09/2009;514635630;HENDI ET HENDI;2406;2 Avenue GAMBETTA;Dreux;70493;SA
07/02/2017;821870631;SILVYA TERRADE PARIS CHAMPS ELYSEES;3089;17 Place DES REFLETS;PÃ©rigueux;96929;SA
02/06/2014;802701201;HENG SHENG;128;100 Esplanade DU GENERAL DE GAULLE;Ajaccio;28165;SA
16/08/2018;842073397;SIM BATI DECO;7;14 Rue FALLET;Vandoeuvre-lÃ¨s-Nancy;25648;SARL
15/01/2017;825036783;HENNESSEN ET CIE SAS;3;71 Rue VICTOR HUGO;Versailles;57184;SARL
27/03/2001;410084495;SIM DES PEUPLIERS;3;73 Rue DE BEZONS;AlenÃ§on;85333;SARL
08/06/1999;423334408;HENNIG ARCHITECTES;51;99 Rue ARMAND SILVESTRE;Saint-SÃ©bastien-sur-Loire;11047;SARL
20/06/2012;449032556;SIM H;4;2 Avenue GALLIENI;Lorient;25648;SARL
21/09/2010;512204850;HENRAT ET GARIN;148;82 Boulevard SAINT DENIS;Limoges;80966;SA
21/06/1985;572215721;SIMAPA SASU;25;1 ALL LE TITIEN;FrÃ©jus;21073;SARL
01/08/2012;753342286;HENRIOT DECO;4;3 Place JEAN MERMOZ;Tarbes;10760;SARL
30/06/1998;419411434;SIMAR;64;13 Rue JOSEPH RIVIERE;Bastia;63159;SARL
11/08/2008;507626364;HENRIQUE ENKO;6433;18 Rue DE SEBASTOPOL;Brive-la-Gaillarde;51118;SA
23/06/2016;821080751;SIMBAP;1417;18 Avenue LEONARD DE VINCI;Vierzon;70189;SA
06/04/2011;534740857;HERACLES AVOCATS;4943;39 Avenue PASTEUR;ChÃ¢teauroux;19554;SA
01/07/2017;428437511;SIMFLEUR DEVELOPPEMENT;237;30 Rue DE BELFORT;Bourges;31789;SA
01/06/1969;326606852;HERACLES DEVELOPPEMENT;9;35 Rue DU 22 SEPTEMBRE;Cholet;48139;SARL
02/05/1994;395128788;SIMONE;3;67 Avenue GAMBETTA;Saint-Denis;97948;SARL
11/03/2013;422133264;HERACLES INVESTISSEMENT;143;5 Boulevard GEORGES CLEMENCEAU;HÃ©rouville-Saint-Clair;25815;SA
11/06/2019;851687889;SIMONE 3;34;53 Avenue GAMBETTA;Dole;34375;SARL
07/08/2007;379010440;HERALIS MARKETING;7;58 Rue LAMBRECHTS;Le Grand-Quevilly;55938;SARL
01/02/1999;421858267;SIMPLE ENGINEERING FRANCE;2048;22 Boulevard DE LA PAIX;Sens;33370;SA
15/01/2005;480131127;HERBORISA NATURA;86;21 Rue DE COLOMBES;Angers;33370;SARL
01/11/2019;878303510;SIMR;6;45 Rue LOUIS BLANC;Lisieux;79046;SARL
01/01/2019;809150949;HERBORISTERIE DU PALAIS ROYAL;4;2 Rue HAUSSMANN;Arles;98611;SARL
22/11/2007;422153361;SIMTEX;3;53 Rue DE BELFORT;Arles;65846;SARL
25/12/1995;43875244;HERITAGE COLLECTION;239;25 Rue VICTOR HUGO;Cambrai;84923;SA
01/01/2002;449131150;SIN REJAC;155;20 Avenue MALVESIN;Belfort;16748;SA
13/04/2017;829618834;HERMINEA FINANCE;184;5 Rue SAINT GUILLAUME;Bordeaux;24243;SA
01/09/2013;795051580;SINALYS;183;10 Rue DE LA MONTAGNE;Pontarlier;25648;SA
16/11/2006;492853965;HERMITAGE;1978;11 Square DES COROLLES;Limoges;79799;SA
05/12/1992;389598095;SINDOU FAURIE PLANSON ET ASSOCIES;5708;7 Rue DONATELLO;Dole;84851;SA
30/09/2019;841077167;HERTZOG - ZIBI - RUFF & ASSOCIES;249;19 Rue CARPEAUX;PÃ©rigueux;54020;SA
08/03/2016;819199167;SINENOVE;9;57 Rue VICTOR HUGO;Tournefeuille;12265;SARL
13/09/2012;753824788;HERVE LABEILLE ET ASSOCIES;533;19 Rue JULES FERRY;Lens;64360;SA
03/08/1999;428800817;SINGEL;215;1 Rue DE BITCHE;Limoges;70493;SA
27/11/2012;532239563;HERVE MARTIN ET NICOLAS PHILIPPOT, NOTAIRES ASSOCIES D'UNE SOCIETE CIVILE PROFESSIONNELLE, TITULAIRE D'UN OFFICE...;151;9 Rue DE L ABREUVOIR;Carcassonne;96929;SA
14/07/2000;432603876;SINGER & HAMILTON;6;5 Place HEROLD;Albi;28165;SARL
01/01/2010;485076277;HERVE MINIOU CONSEIL ET COMPTABILITE;8;34 Rue HENRI REGNAULT;Le Puy-en-Velay;25648;SARL
25/01/2019;813533163;HERVE ROUET, SANDRINE MACET, HUISSIERS DE JUSTICE;6;18 Avenue D ALSACE;Saint-LÃ´;57184;SARL
01/07/2017;521452896;HERVIEU - FOLLACCI SAS;2;12 Rue BAUDIN;Amiens;85333;SARL
15/10/1996;784672776;HESPERIA DEVELOPPEMENT;8;48 Rue LOUIS BLANC;Brive-la-Gaillarde;11047;SARL
08/02/1990;353920697;HESPERIE CONSEIL;39;153 Avenue DE LA REPUBLIQUE;Saintes;63159;SARL
08/02/2013;500873633;HESSEM;27;34 Avenue MARCEAU;Roubaix;51118;SARL
15/06/2015;812278679;HEVEA FRANCE;3;2 Square HENRI REGNAULT;MÃ¢con;70189;SARL
10/04/2010;521722090;HEXAMEDIA;4;49 Rue DES ETUDIANTS;ChÃ¢lons-en-Champagne;19554;SARL
01/04/2018;838733202;SINGER AVOCATS;2425;60 Rue SEGOFFIN;Anglet;31789;SA
01/08/2012;752411280;SINGH GSM;5038;1 Place SAMUEL DE CHAMPLAIN;Maubeuge;48139;SA
05/03/2019;848994737;SINNY & OOKO;6190;15 Square DES SAISONS;Thionville;97948;SA
21/12/2015;407537976;SINOLOGIE;2663;93 Avenue MARCEAU;MontluÃ§on;25815;SA
01/07/1998;420811721;SINORAMA;1672;12 Rue SAINTE MARIE;Laval;34375;SA
01/09/1994;398050187;SINORAMA VOYAGES;198;80 Rue SEGOFFIN;Arles;55938;SA
15/06/1998;400421434;SINTIMEX;8;155 Rue JP TIMBAUD;Reims;33370;SARL
29/09/2004;478823206;SIOUXE;8;112 Rue JP TIMBAUD;HÃ©nin-Beaumont;33370;SARL
01/03/2011;530420587;HEXAMODE;4;100 Esplanade DU GENERAL DE GAULLE;Illkirch-Graffenstaden;79046;SARL
16/02/2018;425000148;SIPEST;17;53 Rue FRANKLIN;Brive-la-Gaillarde;98611;SARL
13/06/2019;851670026;HEYMANN RENOULT ASSOC;8;108 Rue ARMAND SILVESTRE;NÃ®mes;65846;SARL
03/11/2005;440252666;SIRAM;15;19 Place DE L IRIS;Lorient;84923;SARL
02/04/2003;447771494;HFCA;39;1 Rue ADOLPHE LALYRE;Illkirch-Graffenstaden;16748;SARL
01/12/2004;480689033;SIRCA;3;6 Avenue DE LA TERRASSE;Talence;24243;SARL
20/10/1997;414592840;HG CONSEIL;139;2 Place MALVESIN;Bourges;25648;SA
14/06/2019;488126962;SIRENNES ESTHETIQUE;9506;9 ALL DE L ARCHE;Saint-SÃ©bastien-sur-Loire;79799;SA
03/02/2004;452679558;HG SARO;2250;4 Rue VICTOR HUGO;Creil;84851;SA
30/06/2017;331384701;SIRKAM;1194;34 Passage DE LA COUPOLE;Illkirch-Graffenstaden;54020;SA
01/07/2019;803425925;4DCELL;115;23 Rue D ESSLING;Quimper;12265;SA
25/10/2017;833207699;HH FRANCE;2;70 Avenue GAMBETTA;AngoulÃªme;64360;SARL
01/06/2017;484644943;SIRTEG;7;34 Rue HENRI REGNAULT;Courbevoie;70493;SARL
01/02/2019;848325338;4M CONSULTING;164;37 Rue EDITH CAVELL;Ajaccio;96929;SA
20/06/2017;830428256;HHP;130;3 Rue JEAN BAPTISTE CHARCOT;Castres;28165;SA
25/03/2006;433167772;SIS CREARGIE SA;3;5 Rue FRANKLIN;BesanÃ§on;25648;SARL
26/07/2012;477781967;5 LA VIE;4455;1  VLA CHAMBON;BÃ©thune;57184;SA
01/03/1994;380302927;HI   TECH;208;206 Rue JEAN BAPTISTE CHARCOT;Ã‰vreux;85333;SA
25/05/2006;403049075;SISSO 360;3;5  PARC DE LATTRE DE TASSIGNY;Belfort;11047;SARL
01/07/2019;852415637;50 PARTNERS GESTION;3;34 Rue HENRI REGNAULT;Ã‰pernay;25648;SARL
01/07/2013;794238071;HIBANA LIVE;7; Avenue PUVIS DE CHAVANNES;ChÃ¢tellerault;42505;SARL
10/12/2007;501642813;SISSYA;76;22 Boulevard DE LA MISSION MARCHAND;CompiÃ¨gne;69868;SARL
15/03/2019;449471937;55 MEDISPA;14;56 Boulevard DE VERDUN;Mont-de-Marsan;85355;SARL
30/05/2015;814641718;HICAREX;181;45 Rue LOUIS BLANC;Saint-LÃ´;63159;SA
01/09/2004;478738917;SISTBP;128;9 Place DE SAVERNE;Limoges;51118;SA
16/09/2013;797672169;5H55;541;23 Avenue GALLIENI;Abbeville;70189;SA
21/04/2017;831375811;HICKORY 2;8393;3 Rue DU DOCT SCHWEITZER;Tournefeuille;19554;SA
19/11/2018;844327312;SISTHERESA;10;52 Rue DE BEZONS;Mulhouse;31789;SARL
01/09/2017;791962095;60 W CONSULTING;8;32 Rue BAUDIN;Carcassonne;48139;SARL
08/12/2005;488001595;HICKORY CONSEIL;1421;15 Rue ROUGET DE L ISLE;Colombes;97948;SA
05/11/1996;782846422;SITEXPO EXPLOITATION;156;41 Rue DES ETUDIANTS;Tournefeuille;25815;SA
04/04/2017;839309432;6-24 HOLDING;33;5 Rue ADAM LEDOUX;MontbÃ©liard;34375;SARL
25/12/1995;38923777;HIDOUCHE DISTRIBUTION;8;5 Place HEROLD;HÃ©rouville-Saint-Clair;55938;SARL
20/06/2011;533475661;SIVAN DISTRIBUTION;7;9 Rue DE L ABREUVOIR;AngoulÃªme;33370;SARL
01/07/2017;830599106;65 RUISSEAU;9;20 Place DE L IRIS;Dreux;33370;SARL
10/12/2005;485203764;HIFIBIO;8;12 Place DE LA DEFENSE;Colomiers;79046;SARL
23/10/2007;501089163;SIVP DENT STE INTERNAT VENT PROT DENT;3;11 Place DES DOMINOS;Belfort;98611;SARL
30/05/1990;378253553;6A CAPITAL & CONSEIL;183;81  GALERIE DES DAMIERS;Nevers;65846;SA
02/11/1996;410117121;HIGH ART;101;29 Boulevard DE VERDUN;Le Puy-en-Velay;84923;SA
01/01/2019;851482950;SIZMEK;2;11 Avenue DUBONNET;Paris;16748;SARL
22/04/2008;483328209;6WWW;1;27 Rue PARMENTIER;Strasbourg;24243;EURL
30/08/1999;424750677;HIGH BRIDGE & CO;3031;43 Rue DU CAPITAINE GUYNEMER;Pontarlier;25648;SA
15/08/2013;794525519;SJMC;9209;88 Rue ARMAND SILVESTRE;Bourges;79799;SA
17/11/2016;823778980;7 EXPERTISE;8335;29 Rue DE BEZONS;HÃ©nin-Beaumont;84851;SA
20/09/1986;338905458;HIGH FLYERS AGENCY;4484;3 Rue ARLETTY;Abbeville;54020;SA
01/01/2019;830815650;SK CONCEPT;1518;163 Rue JEAN BAPTISTE CHARCOT;Le Puy-en-Velay;12265;SA
06/01/1995;399888619;711RENT PARIS;169;20 Place DE L IRIS;Vichy;64360;SA
11/05/2017;823818240;HIGHFIELDS INVESTMENTS LIMITED;6;2 Rue DE L ALMA;BÃ©thune;70493;SARL
31/10/1997;480192533;SKAG;7;45 Boulevard DE VERDUN;Bourges;96929;SARL
01/08/2013;794235333;75,FAUBOURG;9;26 Rue DE BELFORT;Laon;28165;SARL
01/02/2017;417617479;HIGH-LINE;103;8 Rue CARLE HEBERT;Bastia;25648;SA
05/05/2017;829166693;SKETCHFAB;4;21 Rue PIERRE BROSSOLETTE;Reims;57184;SARL
23/07/2007;499195261;7C;52;1 Place DES SAISONS;Aix-en-Provence;85333;SARL
01/06/2018;751885831;HIGHSYS;186;31 Avenue PUVIS DE CHAVANNES;Lunel;11047;SA
01/08/2017;831928882;SKILL FINANCE;9;9 Rue FICATIER;Lambersart;25648;SARL
01/04/2007;384907432;7FACTORY;220;16 Rue CARLE HEBERT;Bastia;44098;SA
01/03/2018;837877802;HIMERO FINANCES;8135;1 ALL DE L ARCHE;Cherbourg-Octeville;37536;SA
16/10/2016;823222237;SKILLCAPITAL SARL;314;88 Rue DES ETUDIANTS;AlÃ¨s;53848;SA
02/04/2011;531122091;7MOBILE;3066;3 Place DES 3 FRERES LEBEUF;Carcassonne;81612;SA
17/04/2008;479985996;HINOLISARI SUCCESS;244;4 Rue ARLETTY;Talence;65669;SA
26/12/2011;538471178;SKY DIS;5; Avenue DE L ARCHE;ChÃ¢lons-en-Champagne;63159;SARL
04/06/2015;812167260;8 OPERA;6;47 Avenue PASTEUR;Pontarlier;51118;SARL
01/01/2004;341398659;HIPPOCAMPE FRANCE;212;1 Place DES REFLETS;ChÃ¢lons-en-Champagne;70189;SA
12/01/2017;824951891;SKYBOARD;47; Avenue PUVIS DE CHAVANNES;Saint-Herblain;19554;SARL
25/12/1996;414016436;8EME CONTINENT;3;19 Avenue DUBONNET;Aix-en-Provence;31789;SARL
24/10/2017;820650497;HIRED TALENT MARKETPLACE FRANCE SAS;940;54 Rue DE COLOMBES;Saint-Denis;48139;SA
01/01/1997;343234209;SKYCABIN;212;9 Rue DE L INDUSTRIE;Ajaccio;97948;SA
29/01/2001;434299137;9HOTEL;5;4 Rue DE VISIEN;Vertou;25815;SARL
01/09/2015;813224607;HIS INTERNATIONAL TOURS FRANCE;4;25 Rue DE BEZONS;Cherbourg-Octeville;34375;SARL
15/03/2007;495030363;SKYWORKS SEMICONDUCTOR;2;39 Rue LOUIS BLANC;Villeneuve-d'Ascq;55938;SARL
28/05/2019;851166397;9HOTEL BASTILLE LYON;84;1 Place DES SAISONS;BÃ©ziers;33370;SARL
20/03/1996;404904161;HISADA FRANCE;201;32 Rue LOUIS ULBACH;Vierzon;33370;SA
05/11/2018;843906736;SL CORNER;203;55 Avenue DE L EUROPE;Quimper;79046;SA
26/09/2014;393742606;9HOTEL OPERA;202;76 Rue EUGENE CARON;Vernon;98611;SA
20/06/2018;840639751;HISTOIRE ET COLLECTIONS;3593;3 Place DES REFLETS;Le Havre;65846;SA
17/11/2014;532514619;SL PARTNER;8291;1 Place RAPHAEL;LiÃ©vin;84923;SA
02/07/2002;442739223;9HOTEL REPUBLIQUE;22;82 Boulevard SAINT DENIS;MÃ©rignac;16748;SARL
10/05/2019;851611798;HISTORY GROUP;8; Avenue PUVIS DE CHAVANNES;Cherbourg-Octeville;24243;SARL
01/06/2007;432082543;SLALEY-JMR;2317;168 Boulevard DE VERDUN;AlÃ¨s;25648;SA
01/08/2017;818589426;A & E;39;20 Avenue DUBONNET;Anglet;79799;SARL
02/09/1998;420620262;HITTITE MICROWAVE;185;55 Rue JP TIMBAUD;Carcassonne;84851;SA
01/04/2019;380308817;SLC LES PARISIENNES;2;31 Rue DES FAUVELLES;Saint-Malo;54020;SARL
01/05/2003;441513231;A & F PROJECTS;1;19 Rue BARBES;Saint-Herblain;12265;EURL
03/09/2018;820070118;HK DISTRIBUTION;5; Rue DANTON;Troyes;64360;SARL
02/03/2017;828320879;SLIDE WASH;9;14 Avenue DUBONNET;Agen;70493;SARL
25/12/1995;38884334;A 12;2;10 Rue MOLIERE;Nevers;96929;SARL
01/10/2012;788482313;HKW;20;9 ALL DE L ARCHE;CompiÃ¨gne;28165;SARL
22/10/2018;844169631;SLJ COHEN;44;22 Rue RASPAIL;Narbonne;25648;SARL
05/12/2018;534190731;A 19 ARCHITECTURE;4;111 Boulevard SAINT DENIS;Creil;57184;SARL
17/02/2016;819207622;HL COSMETICS;8;10 Rue PARMENTIER;Aurillac;85333;SARL
20/07/2013;793858465;SLJ DISTRIBUTION;4787;2 Rue DE SEBASTOPOL;Saint-Denis;11047;SA
01/12/2018;844440982;A 4 CONSEILS;8726;30 Rue BAUDIN;Nevers;63159;SA
07/11/2007;500878228;HL PRODUCTION;8659;47 Avenue DE L EUROPE;Ã‰vreux;51118;SA
25/12/1995;43904119;SLOCLAP;4846;4 ALL BOTTICELLI;Vandoeuvre-lÃ¨s-Nancy;70189;SA
01/01/1964;641075650;HLA ET MEDECINE;2317;13 Place DES DOMINOS;Brive-la-Gaillarde;19554;SA
27/07/2017;831248000;SLOOP COMMUNICATION;213;44 Rue MOULIN DES BRUYERES;Villeneuve-d'Ascq;31789;SA
01/02/2013;499629384;HLD CONSEILS;4;81 Avenue MARCEAU;Ajaccio;48139;SARL
26/08/2013;337950737;SLOWARES;1;6 Rue WATTEAU;Calais;97948;EURL
18/05/2016;801389057;HLDG;8;130 Rue DE NORMANDIE;Moulins;25815;SARL
04/02/2013;793820820;SLPV ANALYTICS;31;18 Avenue D ALSACE;Lanester;34375;SARL
10/09/2014;804521615;HMB - BDA;6;58 Rue LAMBRECHTS;Cambrai;55938;SARL
01/01/1900;308266808;SLRL PHILIPPE JEAN-PIMOR;137;34 Rue DE L ALMA;Lambersart;33370;SA
01/01/2014;800241531;HMC CONCEPTION ETUDES TECHNIQUES;201;40 Rue DE BEZONS;Dijon;33370;SA
01/01/1980;318829801;HMG FINANCE;2;26 Rue DU 22 SEPTEMBRE;Dole;79046;SARL
11/04/2019;850113580;HMM BATIMENT;28;5 Rue DU DOCT SCHWEITZER;Chartres;98611;SARL
30/03/2016;819551342;HN6 ACTIVE;8798;16 Rue DE L ABREUVOIR;La Seyne-sur-Mer;65846;SA
06/04/2011;753813187;HOBBS;3948;31 Rue CARLE HEBERT;Bastia;84923;SA
05/07/2016;822315032;HOBBY 1;4453;10 Rue DE LA MONTAGNE;Poitiers;16748;SA
01/06/2016;794386599;SM CONTACT;154;97 Avenue DE LA REPUBLIQUE;Toulon;24243;SA
20/02/2000;402528608;SMALL GALLERY;6;4 ALL BOTTICELLI;Vichy;25648;SARL
01/04/2011;531002749;SMALL IS BIGGER;8;16 Place DE LA DEFENSE;AlenÃ§on;79799;SARL
15/01/2015;808827158;SMALL PLANET;69;4 Avenue GALLIENI;ChÃ¢teauroux;84851;SARL
20/08/1984;332555721;SMART DIS;225;130 Boulevard DE VERDUN;Aurillac;54020;SA
01/03/2007;494936859;SMART ENERGIES;6;4 ALL BOTTICELLI;Saintes;12265;SARL
01/06/2016;824831283;HOBOKEN;4334;11 ALL DES TILLEULS;Brive-la-Gaillarde;64360;SA
18/10/1997;414470518;SMART IT;78;21 Avenue PASTEUR;Saumur;70493;SARL
02/02/2009;511090987;HOC;1;32 Rue EMILE DESCHANEL;Gap;96929;EURL
25/12/1997;38871828;SMART PC;7;221 Boulevard SAINT DENIS;Nevers;28165;SARL
27/02/2017;827907254;HODBOURG WAGNER ARCHITECTURE;3;42 Rue LOUIS ULBACH;Chalon-sur-SaÃ´ne;25648;SARL
09/09/2013;521894006;SMART PHARMA CONSULTING;66;11 Avenue PUVIS DE CHAVANNES;Beauvais;57184;SARL
22/10/2007;500602982;HOGHAN;78;143 Passage HENRI REGNAULT;ChÃ¢tellerault;85333;SARL
27/12/1999;340396142;SMART PIXELS;163;37 Rue EUGENE CARON;Boulogne-sur-Mer;11047;SA
01/06/2012;441389871;HOLDING BOSQUET;206;45 Boulevard DE VERDUN;AlenÃ§on;25648;SA
01/07/2007;381527175;SMART SIDE;4551;4 Rue DE L ABREUVOIR;Laon;98019;SA
30/10/2019;878830223;HOLDING DE PHARMARCIE INDEPENDANTES;9473;63 Rue EMILE DESCHANEL;Caen;78007;SA
24/07/2008;505116905;SMARTACCEZZ;123;4 ALL BOTTICELLI;Saint-Herblain;73623;SA
01/01/2001;542010053;HOLDING DES CENTRES POINT VISION;8;17 Rue PIERRE CURIE;Aulnay-sous-Bois;14095;SARL
01/12/2014;487850448;SMARTFOCUS FRANCE;539;61 Rue DE L ALMA;Brive-la-Gaillarde;64346;SA
18/04/2014;480942788;HOLDING DINH VAN;233;5 Rue LOUIS ULBACH;Dreux;63159;SA
01/01/1900;785355124;SMARTGRAINS;71;191 Rue ARMAND SILVESTRE;Montpellier;51118;SARL
05/10/2012;422752808;HOLDING EXPERTISE CONSEIL;9;18 Place DE L IRIS;Saintes;70189;SARL
24/11/2017;834159154;HOLDING FLORIDOR;8;8 Avenue MARCEAU;Montpellier;19554;SARL
01/02/2019;848377040;HOLDING GLF;3;54 Boulevard DE LA MISSION MARCHAND;NÃ®mes;31789;SARL
04/02/2014;800159907;SMARTLINE SYSTEMS;5;37 Rue JEAN MOULIN;Carcassonne;48139;SARL
06/02/2007;445330103;SMARTPILLS;3;25 Rue DES FAUVELLES;Reims;97948;SARL
25/04/2016;829597251;SMCP;130;18 Place DES REFLETS;Saumur;25815;SA
16/11/2009;518428149;HOLDING JAR;240;27 Rue DE ROUEN;Beauvais;34375;SA
01/02/2018;848962379;SMDV;9;11 Chemin PIERRE DE RONSARD;Vannes;55938;SARL
18/05/2009;512540881;HOLDING MOLITOR;6;100 Esplanade DU GENERAL DE GAULLE;Soissons;33370;SARL
24/11/1998;420936197;SME;4065;4951 Place DES 3 FRERES LEBEUF;Boulogne-Billancourt;33370;SA
01/08/2018;841563125;HOLDING REGENCIA;8508;35 Avenue PUVIS DE CHAVANNES;Belfort;79046;SA
10/04/2002;441880986;SMIIRL;6067;30 Rue EDITH CAVELL;Montpellier;98611;SA
01/08/2019;832312896;HOLIDAY BOILEAU;2663;12 Rue DE L ABREUVOIR;Nanterre;65846;SA
12/05/2012;752413963;SMITH DORIA;2702;4 ALL BOTTICELLI;Dole;84923;SA
15/11/2001;380107789;HOLINAIL;225;57 Rue EMILE DESCHANEL;NÃ®mes;16748;SA
12/05/2011;489036152;HOLLAND & SHERRY SARL;1;35 Rue PIERRE BROSSOLETTE;HÃ©rouville-Saint-Clair;24243;EURL
19/11/2013;333846327;HOLLY;7;10 Rue VICTOR HUGO;ChÃ¢tellerault;25648;SARL
10/12/1994;314859752;HOLYBELLY;6;42 Boulevard DE LA PAIX;Auxerre;79799;SARL
01/06/2009;494810963;HOMAD;214;26 Rue DE L INDUSTRIE;Troyes;84851;SA
06/11/2014;819809633;SMN FRANCE;1;41 Rue DU CAPITAINE GUYNEMER;Nancy;54020;EURL
18/03/2019;849255773;SMOKO;15;60 Boulevard DE LA PAIX;Angers;12265;SARL
01/04/2001;437556103;SMOOTH;236;20 Place DE LA DEFENSE;AlÃ¨s;64360;SA
02/05/2017;829300276;SMS OPTIC;2;  GARE BECON BRUYERES;Auxerre;70493;SARL
14/11/2014;808185797;SMTM INVEST;156;31 Place DES COROLLES;Carcassonne;96929;SA
26/12/1994;383993441;A LA FETE CONVENTION;8332;2 Place JEAN MILLIER;Tournefeuille;28165;SA
01/01/1980;318456407;HOME CONCEPT PARIS;4777;2 Rue DE ROUEN;Saint-Quentin;25648;SA
06/05/2019;850823048;SMURFIT KAPPA ALMA;1548;29 Rue DE L ALMA;ChÃ¢teauroux;57184;SA
20/04/2018;839470945;A LA FOLIE;200;27 Rue PIERRE LHOMME;OrlÃ©ans;85333;SA
08/07/2010;481779346;HOME DECORATION;2;2 Rue FRANCOIS COUPERIN;Rouen;11047;SARL
01/01/1992;322162702;SN CREBAT;1;40 Rue EDITH CAVELL;Colomiers;25648;EURL
01/01/2019;845297803;A LA FONTAINE;42;14 Rue DU PRESIDENT KRUGER;Poitiers;80762;SARL
01/05/2018;839842846;HOME INSTALLATION;249;99 Rue ARMAND SILVESTRE;Brive-la-Gaillarde;63159;SA
01/01/2016;827628363;SNC  FROMENTIN;3;57 Rue PIERRE BROSSOLETTE;Ajaccio;51118;SARL
01/07/2003;449382845;A LA FONTAINE SAINT MICHEL;1708;1 Rue PIERRE BROSSOLETTE;Schiltigheim;70189;SA
21/06/2017;830927992;HOME STOCK;104;293 Boulevard SAINT DENIS;Colombes;19554;SA
29/03/2007;498962463;SNC B.V.;9;34 Rue HENRI REGNAULT;AngoulÃªme;31789;SARL
29/12/1997;417503992;A LA ROSE DE TUNIS;9;4 ALL BOTTICELLI;Nice;48139;SARL
06/11/1997;311702583;HOME TEX;6;37 Avenue PUVIS DE CHAVANNES;Grasse;97948;SARL
01/06/2017;835403635;SNC BAKERS INDIA;201;34 Rue HENRI REGNAULT;Ajaccio;25815;SA
01/04/2019;850031063;A L'HOTEL QUEEN MARY;187;4 ALL BOTTICELLI;AngoulÃªme;34375;SA
06/10/2018;830727764;HOMERE;119;12 Rue MICHAEL WINBURN;Lisieux;55938;SA
01/03/2018;519920128;SNC BATELIERE;124;41 Rue DU CAPITAINE GUYNEMER;Dole;33370;SA
01/04/2011;531757128;A LINE;2364;17 Rue PIERRE BROSSOLETTE;Cherbourg-Octeville;33370;SA
09/01/2017;825300718;HOMMES ET FINANCES;7146;2 Promenade SAINT NICOLAS;Arles;79046;SA
01/04/2014;799846571;SNC BENOUARI ERIC ET TAYEB;206;1 Avenue LEON BOURGAIN;FrÃ©jus;98611;SA
01/08/2014;535035109;A LIVR'OUVERT;4;58 Rue VICTOR HUGO;Le Havre;65846;SARL
01/06/2015;811482306;HONDELATTE LAPORTE ARCHITECTES;1993;102 Avenue MARCEAU;LiÃ©vin;84923;SA
02/10/1992;388365280;SNC BERTHELOT FOURREAU;17;38 Rue DE L ALMA;Wattrelos;16748;SARL
01/01/2015;500454756;A M B ASSURANCES;46;21 Rue JEAN BART;Le Puy-en-Velay;24243;SARL
29/11/2017;835169434;HONG SHUN;3;77 Rue DE BEZONS;Limoges;25648;SARL
07/09/2015;813306966;SNC BOSC DECOBERT;9;16 Place DE L IRIS;Drancy;79799;SARL
24/08/2018;841887003;A M B FORMATIONS;6;1 Rue DES LILAS D ESPAGNE;Nancy;84851;SARL
07/02/2019;839245628;HONODIS;7;61 Avenue GAMBETTA;SÃ¨te;54020;SARL
25/04/2005;421263500;SNC CAUMARTIN 2005;8;2 Place JEAN MILLIER;Ã‰pernay;12265;SARL
29/06/1984;321263659;A MI CHEMIN;61;39 Rue LOUIS BLANC;Bergerac;64360;SARL
01/01/2019;791970205;HONOTEL MDO;20;38 Avenue PUVIS DE CHAVANNES;Saint-LÃ´;70493;SARL
01/01/2013;481470714;SNC CHAIGNEAU;4;37 Rue MOULIN DES BRUYERES;Pontarlier;96929;SARL
15/11/2000;433717089;A NET EUROPE SAS;6;20 Rue DE BEZONS;Sens;28165;SARL
01/02/2004;452043730;A NOTRE DAME D'AUTEUIL;2734;141 Boulevard SAINT DENIS;Charleville-MÃ©ziÃ¨res;25648;SA
15/02/2006;488607409;A NOUS PARIS;5870;66 Quai MARECHAL JOFFRE;Bordeaux;57184;SA
26/11/2017;833641509;A O C;8977;9 Rue MADIRAA;HÃ©rouville-Saint-Clair;85333;SA
01/05/2005;482055316;A ONE SHOP;1364;9 Rue PARMENTIER;Nevers;11047;SA
02/01/2015;808900336;A P A;2363;3 Place DES 3 FRERES LEBEUF;Saint-Maur-des-FossÃ©s;25648;SA
29/06/2001;323391193;A Q D A;210;80 Avenue DE L ARCHE;Soissons;60898;SA
19/09/2012;753983592;A R O E V E N;2;206 Rue JEAN BAPTISTE CHARCOT;JouÃ©-lÃ¨s-Tours;5441;SARL
22/12/2003;452689094;HOOGSTOEL & ASSOCIES SAS;7;2 Avenue DE LA LIBERTE;Bastia;37883;SARL
15/11/2009;518455100;HORCONEX;1;92 Rue DES ETUDIANTS;Le Havre;50777;EURL
19/06/2003;448977454;HORIZON MOKA;58;81 Rue VICTOR HUGO;Bastia;65879;SARL
08/03/1999;422919613;HORIZON TECHNICS;6;12 Rue DU SERGENT BOBILLOT;Mulhouse;80402;SARL
23/08/2018;841924715;HORRENBERGER;214;17 Rue DU CHEMIN VERT;Saint-Herblain;79066;SA
01/01/2016;824666937;HORS LIMITES ARCHITECTURE;156;1 Place SAMUEL DE CHAMPLAIN;Tournefeuille;25437;SA
01/05/2013;529853269;HORS SERIE;6;295 Boulevard SAINT DENIS;Agen;74833;SARL
25/12/1995;43909126;HORTENSE CEZANNE;168;30 Rue KILFORD;Maubeuge;88513;SA
02/01/2017;494034812;SNC CONSEIL ET ASSISTANCE;5337;41 Rue ADAM LEDOUX;Lille;68020;SA
20/10/2017;832815484;SNC DU 13 R TROUSSEAU;1131;42 Rue DE L ALMA;Schiltigheim;34314;SA
27/06/2011;309458941;SNC GBT;357;12 Rue EDGAR QUINET;Roubaix;14056;SA
30/10/2017;832962989;SNC GRANDE PHARMACIE DE BELLEVILLE;188;41 Rue PIERRE BROSSOLETTE;Saintes;29814;SA
10/12/2010;528914609;SNC GRENELLE SUFFREN;4;30 Rue EDITH CAVELL;Moulins;1807;SARL
27/02/2012;750211575;SNC HJF FLORESCENCE;8;41 Rue DU CAPITAINE GUYNEMER;BesanÃ§on;52834;SARL
19/11/2013;442580155;SNC HORSTEL LE MAS;192;29 Rue VICTOR HUGO;Schiltigheim;59409;SA
01/12/2015;414991265;SNC HOTEL DAVOUT;100;51 Rue LOUIS BLANC;Pontarlier;89634;SA
27/06/2016;682002134;A S COMMUNICATION;4;20 Avenue MALVESIN;Caen;35084;SARL
01/02/2018;820335131;HORUS;1459;13  PROMENADE PAUL DOUMER;Brive-la-Gaillarde;20922;SA
07/04/2018;838742468;SNC HOTEL PARADIS;152;51 Rue LOUIS BLANC;Dreux;66494;SA
02/11/2011;538462474;A S E AUTO SERVICE EXCELLENT;2;39 Rue LOUIS BLANC;Blois;77198;SARL
22/06/2005;483067526;HORUS DEVELOPMENT FINANCE;8;17 Boulevard GEORGES CLEMENCEAU;Saint-Louis;45579;SARL
25/09/2017;832606982;SNC HOTELIERE ARES EIFFEL;8;19 Rue DU CAPITAINE GUYNEMER;Maubeuge;24780;SARL
19/10/1987;219200268;A SAINT BRIEUC;243;4 Place CHARRAS;Saint-LÃ´;84741;SA
01/06/2012;821403490;HORZE FRANCE;18;4 Avenue PASTEUR;Vertou;20471;SARL
01/08/2018;492061718;SNC LE CLIGNANCOURT;25;50 Rue DE BITCHE;Brest;83988;SARL
22/08/2018;841853716;A SAINTE MARIE LE SAVIO;21;53 Avenue GAMBETTA;Quimper;74430;SARL
01/07/2015;481799237;HOSSAIN JAKIR SARL;3903;15  PROMENADE PAUL DOUMER;Tarbes;35966;SA
01/01/2005;482762424;SNC LEVY;5203;2 Place DE LA DEFENSE;Niort;93261;SA
25/11/2010;438706103;A TOI MAURICE;65;5 Rue EMILE DESCHANEL;BesanÃ§on;42429;SARL
05/07/2018;840956247;HOTCAKES;9;88 Avenue MARCEAU;Haguenau;79876;SARL
02/09/2019;853159028;SNC LONG LIFE PRESTATIONS;1586;39 Rue LOUIS BLANC;Saint-SÃ©bastien-sur-Loire;13430;SA
01/02/2006;489808840;A TRIANON GOURMET;13;17 Rue RASPAIL;Aurillac;57740;SARL
01/04/2010;520797465;HOTEL & LODGE;105;8 Rue CARLE HEBERT;Bastia;58279;SA
15/10/1997;382366805;SNC LYZ;7;245 Boulevard SAINT DENIS;Albi;81822;SARL
15/09/2019;853742369;A VERSE TOUJOURS;1;33 Avenue DE L ARCHE;Brive-la-Gaillarde;28813;EURL
18/10/2018;843335589;HOTEL 52;6;64 Avenue GAMBETTA;Dole;45154;SARL
05/11/2007;501345847;SNC MILLA ETOILE;3;6 Rue DE NORMANDIE;Colombes;61758;SARL
03/01/1994;353602766;A Z ALIMENTATION;4;20 Rue DE BEZONS;Brive-la-Gaillarde;64930;SARL
25/12/1995;38864252;HOTEL ACADIA;233;226 Rue JEAN BAPTISTE CHARCOT;Rouen;49635;SA
25/12/1995;38790259;SNC PHARMACIE BRANCION VOUILLE;103;47 Rue EDITH CAVELL;AlenÃ§on;8540;SA
10/04/2018;838900462;A&A;2;8 Chemin PIERRE DE RONSARD;Lunel;97870;SARL
22/07/2019;839252780;HOTEL AGORNO CITE DE LA MUSIQUE;3;25 Rue DE BITCHE;Rodez;18379;SARL
30/09/2014;805382645;SNC PHARMACIE CATALA & CHAPELIER;1370;18 Place DES REFLETS;Rodez;63626;SA
14/12/1995;407714617;A&M DISTRIBUTION;6021;102 Avenue MARCEAU;Colmar;44968;SA
01/01/2018;833872872;HOTEL AIGLON;8438;16 Rue CARLE HEBERT;Vitrolles;82637;SA
15/10/1995;402428981;SNC PHARMACIE COHEN;2189;80 Avenue GAMBETTA;Le Grand-Quevilly;21643;SA
10/12/2016;824807234;A. GOMBERT;2877;29 Rue DES ETUDIANTS;Saintes;27037;SA
01/06/2017;831801345;HOTEL ALBERT 1ER;244;44 Avenue PASTEUR;Talence;75420;SA
15/09/2016;822259958;SNC PHARMACIE GAYDAN & LE BERRE;3;42 Rue KILFORD;AsniÃ¨res-sur-Seine;37568;SARL
13/11/2013;798956413;A. WEBER METAUX;6;4 Place DES REFLETS;Haguenau;33653;SARL
02/07/2018;840780738;HOTEL ALEXANDRA;9;5 Rue PARMENTIER;La Seyne-sur-Mer;15130;SARL
26/01/2013;791460587;SNC PHARMACIE MORCHOISNE CHHUN;151;40 Rue KILFORD;Mulhouse;63728;SA
04/11/2018;842922569;A.A;9;7 Rue AUGUSTE BAILLY;Ajaccio;99643;SARL
26/03/2004;452239106;HOTEL AMERICA OPERA;118;66 Quai MARECHAL JOFFRE;Charleville-MÃ©ziÃ¨res;12857;SA
23/01/2003;445041791;SNC PHARMACIE STIOUI;125;6 Rue CACHEUX;AlÃ¨s;37699;SA
17/05/2019;851008375;A.B.H.;9;3 Place JEAN MERMOZ;Narbonne;67128;SARL
01/10/2018;844572966;HOTEL APOLLO OPERA;214;1 Rue AUGUSTE BEAU;Moulins;30721;SA
19/06/1986;339064909;SNC PHARMACIE TEBOUL GAZERES;9233;6 Rue HUDRI;Amiens;71595;SA
01/01/1996;403860604;A.B.L. METAL;4793;69 Rue DU 22 SEPTEMBRE;BÃ©ziers;90468;SA
16/12/1998;421289554;HOTEL ARC DE TRIOMPHE ETOILE;2667;9 ALL DE L ARCHE;Colmar;50528;SA
01/11/2016;840507800;SNC POUJADE & CIE   LE BALZAC;162;33 Place DES COROLLES;Brive-la-Gaillarde;15553;SA
17/01/2019;844577320;A.B.L.L. 55;2;26 Rue DE COLOMBES;Strasbourg;33932;SARL
01/11/2018;844030130;HOTEL ARCADIE MONTPARNASSE;2;7 Avenue DE LA LIBERTE;Saint-Louis;63389;SARL
01/04/2008;435237011;SNC PRIMEUM;130;2 Rue FRANCOIS COUPERIN;Niort;16281;SA
03/09/2007;499915429;A.C. SIMON;16;20 Avenue ANDRE PROTHIN;Pontarlier;71749;SARL
04/10/2005;484560180;A.C.A SOCIETE D AVOCATS;7;7 Rue DU PRESIDENT KRUGER;Saint-LÃ´;53572;SARL
12/07/2016;821555620;HOTEL ASTRID;2049;179 Rue JEAN BAPTISTE CHARCOT;Aulnay-sous-Bois;8713;SA
25/06/2018;841863434;HOTEL ATALA;136;18 Rue MOLIERE;Saint-LÃ´;34143;SA
25/07/2016;804175628;SNC SALERNO;5;37 Rue DE BELFORT;Le Grand-Quevilly;56004;SARL
16/03/1953;320089063;SNC SCEMAMA;2;9 Rue DE LA MUTUALITE;Saintes;54613;SARL
08/06/2016;820928521;A.C.C.;2;1 Rue BARBES;Abbeville;43205;SARL
01/08/2019;852943372;HOTEL ATMOSPHERES;83;30 Rue DES SALLES;Le Havre;20641;SARL
17/09/2003;492276548;SNC SIRIUS;111;3 Rue JEAN BAPTISTE CHARCOT;Lambersart;41312;SA
01/05/2018;840282271;A.C.G ASSAINISSEMENT;93;67 Rue VICTOR HUGO;Saint-Louis;73631;SARL
01/11/2018;422656728;HOTEL BAILLI DE SUFFREN;219;49 Rue DE COLOMBES;AsniÃ¨res-sur-Seine;43100;SA
25/12/2017;834124448;SNC STEF-TFE SERVICES;2494;73 Avenue MARCEAU;Aulnay-sous-Bois;69482;SA
12/06/1990;378402606;A.C.G. LIFE;5137;4 Place DES VOSGES;Brive-la-Gaillarde;84865;SA
30/12/1996;410805402;HOTEL BASSANO;97;7 Rue BAUDIN;Courbevoie;35917;SARL
28/05/2019;851335752;SNC TABAC DE LA MUETTE-BONGRAND;4; Place DE L HOTEL DE VILLE;CrÃ©teil;426;SARL
08/02/2005;481491041;A.C.G.A.;3693;10 Rue DE LA MONTAGNE;Pau;51439;SA
01/08/2012;531094506;HOTEL BEAUBOURG;234;45 Avenue LEONARD DE VINCI;ChÃ¢lons-en-Champagne;55664;SA
01/01/2018;834053712;SNCEEL;208;18 Place DES REFLETS;PÃ©rigueux;14290;SA
20/03/2019;849538137;A.C.M.E.;3;14 Rue DU SERGENT BOBILLOT;Martigues;11911;SARL
01/09/2010;484998000;HOTEL BELGRAND PARIS CHAMPS ELYSEES;5;16 Rue CARLE HEBERT;Dijon;51222;SARL
24/02/2015;809797384;SNEAKERSNSTUFF;8;16 Rue DE L ABREUVOIR;AngoulÃªme;14013;SARL
19/04/2017;825095789;A.C.V.;6;2 Square HENRI REGNAULT;Moulins;57513;SARL
03/09/2018;841746480;HOTEL BELIDOR;9;2 Place DE L HOTEL DE VILLE;Le Grand-Quevilly;83100;SARL
09/04/2018;839614096;SNEHA;72;35 Rue PIERRE LHOMME;ChÃ¢lons-en-Champagne;59489;SARL
01/11/2007;402853337;A.D SPORTS;192;56 Rue DE COLOMBES;Montpellier;24330;SA
20/11/2018;844183285;HOTEL BELLECHASSE;1;12 Boulevard DE LA PAIX;Sens;42051;EURL
29/01/2019;848425039;SNESUP;1;10  GALERIE DES DAMIERS;Charleville-MÃ©ziÃ¨res;77918;EURL
03/01/1999;421483926;A.D.G.;2014;9 Rue ADELAIDE;Metz;24730;SA
05/09/2013;792492431;HOTEL BELLEVUE ET CHARIOT;7420;285 Boulevard SAINT DENIS;Saint-Maur-des-FossÃ©s;21980;SA
07/03/2019;804360295;SO DI M E SOCIETE DE DISTRIBUTION DE MANNEQUINS ET D'ETALAGES;7494;16 Rue KLEBER;Beauvais;43033;SA
13/01/2004;452007941;A.D.I.S SECURITE;3066;25 Rue DE BITCHE;MontbÃ©liard;18270;SA
02/05/2018;539375378;HOTEL BIBLIOTHEQUE DE FRANCE PARIS TOLBIAC;3588;10 Avenue DE LA REPUBLIQUE;MÃ¢con;97157;SA
01/03/2014;379617632;SO LEAD;148;52 Rue DE STRASBOURG;Saint-Malo;46919;SA
25/06/2010;523247328;A.F.A.;7;2 Promenade DU MILLENAIRE;OrlÃ©ans;11546;SARL
02/01/2018;830627154;HOTEL BRADY;4;19 Avenue DUBONNET;Saint-Denis;69671;SARL
20/03/2013;791809882;SO MUST;2;77 Boulevard SAINT DENIS;Bourges;15770;SARL
11/09/2018;842392219;A.F.L. GESTION;121;136 Avenue DE LA REPUBLIQUE;Troyes;17808;SA
28/02/2018;837819028;HOTEL BRITTANY;5;111 Rue JEAN BAPTISTE CHARCOT;Dreux;64339;SARL
12/05/2017;499870905;SO SHAPE;107;36 Boulevard ARISTIDE BRIAND;Saintes;45656;SA
04/10/2001;439414046;A.F.M;74;12 Rue DE L ABREUVOIR;Chartres;775;SARL
22/03/2017;829124650;A.G. CONSEIL ALAIN GUEZ CONSEIL;7; Place JEAN MILLIER;Belfort;500;SARL
26/10/2006;494037237;A.G.E;127;70  GALERIE DES DAMIERS;Brive-la-Gaillarde;75600;SA
25/12/1995;39178223;A.G.P;9714;45 Rue DES ETUDIANTS;MÃ¢con;40779;SA
27/01/1999;503003998;HOTEL BUILDING CONSEIL;3662;18 Place DE L IRIS;Moulins;73789;SA
27/04/2018;839661055;HOTEL CAMBON;1635;20 Rue DU 22 SEPTEMBRE;Noisy-le-Grand;22413;SA
02/01/2018;834750721;HOTEL CAMBRAI;83;11 Rue DU COMMANDANT LAMY;Thionville;4181;SARL
27/07/2018;849334362;HOTEL CAMBRONNE;2;60 Rue DE STRASBOURG;Carcassonne;69135;SARL
12/04/2017;828994970;SO YOU;1;217 Boulevard SAINT DENIS;Caen;49034;EURL
03/05/2018;839356102;SO.GE.TE;193;39 Rue LOUIS BLANC;Toulouse;19294;SA
31/10/1986;345087282;SOADEO;24;55 Rue VICTOR HUGO;Saint-Brieuc;83683;SARL
04/02/2013;791026180;SOAN;2;26 Rue PARMENTIER;Villenave-d'Ornon;78680;SARL
10/10/2004;479281024;A.G.R.I ASSISTANCE GESTION ET REALISATION IMMOBILIERES;2188;12 Avenue LEONARD DE VINCI;Montigny-lÃ¨s-Metz;23176;SA
04/05/2018;840143895;HOTEL CAMELIA;142;35 Rue JULES FERRY;Schiltigheim;6635;SA
22/05/2015;811596493;SOBOA SARL;1;44 Rue DE L ALMA;Ã‰vreux;50049;EURL
24/03/2017;801076134;A.I.2.P;9;1  PASSERELLE DES REFLETS;Le Havre;31580;SARL
01/11/2015;814838330;A.I.C.P.;5;80 Rue DE NORMANDIE;ChÃ¢teauroux;44543;SARL
20/02/2016;819035023;HOTEL CARLTON MONTPARNASSE;216;2 Rue DE L HOTEL DE VILLE;Lorient;52241;SA
01/01/2017;839173796;HOTEL CECILIA;36;92 Rue DES ETUDIANTS;Laval;89596;SARL
29/11/2010;414841494;SOC 3B PRODUCTION;230;22 Boulevard DE LA MISSION MARCHAND;Laon;26644;SA
01/01/1981;430059048;SOC A THEATRE MICHEL;52;5 Place HEROLD;Ajaccio;11664;SARL
13/09/1999;417576444;A.I.E PLOMBERIE (AGENCEMENT INGENIERIE ETUDE PLOMBERIE);1216;130 Boulevard SAINT DENIS;Le Havre;46745;SA
01/04/2007;316067891;HOTEL CENTRAL CHAMPOLLION;7726;65 Rue GAULTIER;Vierzon;91081;SA
09/07/2018;820318582;SOC ADMINISTRAT COURTAGE ASSURANC FRANCE;44; Avenue PUVIS DE CHAVANNES;Saintes;86791;SARL
06/02/2005;480990746;A.I.J.A.;6;31 Rue DES FAUVELLES;Cambrai;81739;SARL
07/02/2018;841616766;HOTEL CERVANTES;4476;16 Rue DE BEZONS;BÃ©ziers;95651;SA
01/01/2017;827595919;SOC AGENCEM DISTRIBUTION;89;82  GALERIE DES DAMIERS;Niort;49428;SARL
26/04/2019;852736503;A.L.B;118;177 Rue ARMAND SILVESTRE;Belfort;61668;SA
01/01/1963;428497150;HOTEL CHARMA;1;3 Rue MADIRAA;Nevers;29933;EURL
02/04/1991;383897816;SOC ALMA;8; Avenue PUVIS DE CHAVANNES;RezÃ©;42332;SARL
25/12/1996;413116526;A.L.C.;3; Avenue PUVIS DE CHAVANNES;Toulouse;41483;SARL
15/05/2009;513064634;HOTEL CHATEAUBRIAND;6;26 Rue JEAN MOULIN;Douai;70813;SARL
21/01/2013;790659593;SOC AMIS DU LOUVRE;4;23 Rue PIERRE LHOMME;Bastia;77486;SARL
02/01/2018;833796097;A.L.INFORMATIQUE SERVICE;141; Rue EUGENE CARON;Brive-la-Gaillarde;1361;SA
30/10/2017;833048010;HOTEL CHATILLON;163;8 Rue PAUL NAPOLEON ROINARD;Troyes;47186;SA
31/05/2018;840140446;SOC AMPERE;3;23 Rue EUGENE CARON;NÃ®mes;97243;SARL
24/03/2017;318082906;A.L.T.;1;16 Rue MOLIERE;Bordeaux;4444;EURL
24/12/2015;817424096;HOTEL CHOPIN;1524;75 Rue DE NORMANDIE;Ajaccio;30569;SA
17/12/1999;384127585;SOC ANDRE MAEGHT;8544;9 Chemin PIERRE DE RONSARD;RezÃ©;22985;SA
09/01/2004;451548572;A.M.B. SENIOR ADVISORS;5136;100 Esplanade DU GENERAL DE GAULLE;Mulhouse;88658;SA
21/11/2013;798682084;HOTEL CLAUDE BERNARD;4053;4 Passage DE LA REUNION;Courbevoie;20941;SA
24/08/2001;439014812;SOC APPLICATION RECHER RATIONAL CONSTRUC;1195;1 Avenue DU PARC;Vannes;36097;SA
01/04/2001;439575994;A.M.CONSEIL;163;13  PROMENADE PAUL DOUMER;Saint-Herblain;65589;SA
31/01/2018;835222332;HOTEL CUJAS;8;9 Rue EUGENE CARON;Toulouse;34722;SARL
22/07/1998;420125254;SOC APPROVIS LEVIS TERRASSE;3;3 Rue PAUL NAPOLEON ROINARD;Caen;92978;SARL
01/09/2013;797884855;A.M.FLEURS;8;4 Avenue D ALSACE;Anglet;80563;SARL
04/09/2019;790505523;HOTEL D AMBOISE;30;4 Rue DE L ABREUVOIR;Saint-Nazaire;33685;SARL
01/01/2015;784666661;SOC ARTIMPORT;7;2 Boulevard DE LA MISSION MARCHAND;Aix-en-Provence;40134;SARL
20/01/2014;800144008;A.M.V. CONSEIL;64;88 Avenue MARCEAU;Dijon;37667;SARL
31/08/1999;424751170;A.P.ENVIRONNEMENT;114;1 Rue DE BITCHE;Chalon-sur-SaÃ´ne;46719;SA
19/09/2019;878373588;HOTEL D ANGLETERRE ST GERMAIN DES PRES;5;15 Rue GUILLAUME FAREL;Pau;1373;SARL
15/07/2006;491141131;HOTEL DALAYRAC;57;12 Rue DE SEBASTOPOL;Colmar;38468;SARL
24/08/2015;800158966;SOC ARTISTIQUE DIFFUSION EDITION;8599;5  PROMENADE PAUL DOUMER;Le Puy-en-Velay;70488;SA
01/07/1992;399020304;SOC ASTRONOMIQUE DE FRANCE;3250;4 Rue DE L ABREUVOIR;Saumur;8063;SA
17/11/2017;833660921;A.P.V. RESTAURANTS;4592;21 Place CHARRAS;Metz;36122;SA
02/01/2013;792519837;HOTEL D'ALBION;61;12 Place DE LA DEFENSE;Vernon;54140;SARL
05/05/2008;503952426;SOC ATLANTIC HOTEL;1;4 Place DES VOSGES;Issy-les-Moulineaux;9953;EURL
15/12/2011;353216690;A.S ASCENSEURS SERVICES;4;23 Place DE L IRIS;Soissons;17313;SARL
25/04/2015;811006105;HOTEL D'ANGLETERRE-CHAMPS-ELYSEES;186;107 Quai MARECHAL JOFFRE;Rennes;11316;SA
06/11/2017;840116297;SOC AU PETIT MATELOT;36;4 Avenue DE LA LIBERTE;Haguenau;18771;SARL
01/12/2014;394466569;A.S.C.;6;110 Rue DE COLOMBES;Nice;59978;SARL
01/04/1992;389072075;HOTEL DANIEL;3278;30 Rue EDITH CAVELL;Tournefeuille;67245;SA
24/06/2019;851852814;SOC AU POULET DE BRESSE;100;8 Rue HUDRI;Montigny-lÃ¨s-Metz;47893;SA
12/04/2007;494862907;A.S.R.G;1;2 Avenue DU PARC;Chartres;10555;EURL
13/09/2016;824530299;HOTEL DE BELFORT;9;156 Rue ARMAND SILVESTRE;Dole;47640;SARL
01/10/2005;484841085;SOC AUTO SPORT DAUMESNIL;3;61 Boulevard DE LA PAIX;AlÃ¨s;87740;SARL
02/04/2019;807550595;A.SCHMIDT-L.GOLDGRAB;240;46 Boulevard ARISTIDE BRIAND;Niort;64587;SA
05/10/2018;842565830;HOTEL DE BELLEVUE;31;30 Rue EDITH CAVELL;Brive-la-Gaillarde;18049;SARL
07/02/2019;848305967;SOC AUTOMATISM REALISAT ASCENSEUR;113;33 Rue DE L ALMA;Bordeaux;18939;SA
16/12/2014;484615935;A.T.P;110;39 Rue EDITH CAVELL;Castres;96408;SA
01/09/2016;391322831;HOTEL DE BOURGOGNE MONTANA;754;19 Rue DU CHEMIN VERT;HÃ©rouville-Saint-Clair;12640;SA
08/09/2018;842473274;SOC BARAZZETTI FILS FUMIST;5383;106 Rue ARMAND SILVESTRE;Saint-Dizier;61672;SA
07/11/2014;807744628;A.V.P.P.SARL;81; Rue BAUDIN;Le Puy-en-Velay;48628;SARL
01/06/2005;452290927;HOTEL DE CHAMONIX;6;2 Promenade DU MILLENAIRE;Drancy;22385;SARL
11/03/2016;819128703;SOC BARTEX;1449;13 Rue DU CHEMIN VERT;Lille;16007;SA
01/04/2010;524877636;A.V.S.;147;49 Avenue MARCEAU;MontluÃ§on;11075;SA
25/04/2019;528020720;HOTEL DE DIEPPE;121;2 Promenade DU MILLENAIRE;Poitiers;23403;SA
12/06/2014;802846063;SOC BASS ET BASS;2;55 Boulevard DE LA PAIX;Saint-Ã‰tienne-du-Rouvray;30450;SARL
19/05/2014;754059707;A+ CTRE AUSTRALIEN EDUC CULTURE;4;69 Rue DU 22 SEPTEMBRE;BÃ¨gles;82412;SARL
14/12/2017;834399834;HOTEL DE FRANCE SNC;9;100 Esplanade DU GENERAL DE GAULLE;Tours;95175;SARL
03/05/2012;751000217;SOC BAYLAUD;6;17 Rue LOUIS ULBACH;Lunel;55732;SARL
20/10/2014;805354438;A+ SAMUELDELMAS ARCHITECTES URBANISTES;6;10 Avenue GALLIENI;Saumur;64422;SARL
01/01/1998;418378865;A2 MEDICAL;206;100 Esplanade DU GENERAL DE GAULLE;Saintes;44032;SA
13/01/2016;524851813;A2BH ARCHITECTURE;40;2 Place JEAN MILLIER;Abbeville;85260;SARL
27/11/2018;844215848;A2CS;4;2 Rue VICTOR HUGO;MÃ¢con;42615;SARL
07/04/2019;501598288;'A2D' A 2 DEVELOPPEMENT;8;38 Rue BAUDIN;ChÃ¢lons-en-Champagne;43387;SARL
22/02/2016;410236210;A2D AVOCATS;2532;14 Rue DE L ALMA;MontbÃ©liard;17304;SA
01/10/1995;390708477;HOTEL DE L ALMA;6837;20 Rue DE BEZONS;Saintes;2601;SA
03/03/2017;828032623;HOTEL DE L AQUEDUC;6571;17 Rue DU CHEMIN VERT;Brive-la-Gaillarde;86864;SA
31/07/2019;835061961;HOTEL DE L INDUSTRIE;2260;9 Avenue DE LA LIBERTE;Schiltigheim;78376;SA
05/04/2005;482153921;HOTEL DE LA BRETONNERIE;3487;19 Rue LOUIS ULBACH;Colomiers;7788;SA
29/11/2010;434291142;HOTEL DE LA FONTAINE BEAUSEJOUR;15;39 Rue LOUIS BLANC;Metz;56219;SARL
17/02/2016;818620536;HOTEL DE LA GARE DU NORD;7;9 ALL DE L ARCHE;Tarbes;99897;SARL
09/10/2013;792574626;SOC BIJOUX BURMA;8;14 Rue CAMILLE SAINT SAENS;Laon;7268;SARL
25/12/1995;38872412;SOC BLOSSOM INTERNATIONALE;1; Rue DE BEZONS;ChÃ¢tellerault;26954;EURL
21/07/1999;423885078;SOC BOUCHERIE DEBEAUX;195;5 Place CHARRAS;Quimper;6280;SA
16/03/2011;531067304;SOC BOUCHERIE ROGER;3;18 Rue BAUDIN;Le Petit-Quevilly;20578;SARL
01/03/2011;503447435;SOC CAGE THOUARD ET FILS;245;5 Avenue GALLIENI;Vichy;27306;SA
01/06/1972;443307046;SOC CAVES D ARGENT;107;37  PATIO DES REFLETS;Mulhouse;35276;SA
17/10/2012;505005025;A2G EXPERTISE;6;3  PARC DE LATTRE DE TASSIGNY;Dieppe;85352;SARL
25/12/1995;39348982;HOTEL DE LA PAIX;42;4 Rue DU REVEREND PERE CLOAREC;Le Havre;10933;SARL
09/09/2016;821240777;SOC CAVIAR PETROSSIAN;7224;21 Rue BLONDEL;MontluÃ§on;15839;SA
19/05/2016;788424950;A2M CONSEIL;2483;3 Avenue LEONARD DE VINCI;Saint-Dizier;65656;SA
01/01/2013;521623033;HOTEL DE LA PLACE DES VOSGES;4867;18 Place DES REFLETS;Charleville-MÃ©ziÃ¨res;80498;SA
20/06/2017;830383774;SOC CENTER 51;141;1 ALL JACQUES HENRI LARTIGUE;Lisieux;6911;SA
01/04/2007;328084074;A2RA;9;6 Rue CARPEAUX;Limoges;21470;SARL
10/07/2012;752650523;HOTEL DE LA PLAGE DES ALPES;7;33 Boulevard SAINT DENIS;Metz;51810;SARL
28/09/2009;515100931;SOC CHAUSSURES BERTHIER;172;12 Place DE LA DEFENSE;La Seyne-sur-Mer;31497;SA
01/10/2013;448256248;A3 CONSEILS;168;9 Rue FALLET;MÃ¢con;76336;SA
18/07/2017;839246428;HOTEL DE LA TOUR D'AUVERGNE;4;2 Place DES REFLETS;Montpellier;71070;SARL
24/10/2012;794965285;SOC CIVILE PRODUCT PHONOGRAMMES FRANCE;3952;41 Rue DU CAPITAINE GUYNEMER;CompiÃ¨gne;94779;SA
25/12/1995;39129929;AACR;219;21 Rue DE COLOMBES;Champigny-sur-Marne;17618;SA
01/12/2009;522300755;HOTEL DE L'EMPEREUR;3;4 ALL DE L ARCHE;CompiÃ¨gne;56104;SARL
02/07/2018;840858898;SOC COOPE RENOVATION EQUIPEMENT COMMERCE;2;56 Boulevard DE LA MISSION MARCHAND;Castres;54375;SARL
04/03/2016;818845075;AAKRO PURE TRONIC CORPORATION;7;23 Rue JEAN MOULIN;MÃ¢con;56587;SARL
01/09/2008;508062114;HOTEL DE L'EUROPE;244;11 Quai DU PRESIDENT PAUL DOUMER;Quimper;83587;SA
01/01/1900;304275530;SOC COOPERATIVE PERSONNEL BANQUE FRANCE;76;32 Place DE L IRIS;Brive-la-Gaillarde;99459;SARL
12/05/2010;522929454;AAM COMMUNICATION SARL;86;124 Boulevard DE VERDUN;Dunkerque;64341;SARL
19/07/2019;852780170;HOTEL DE LUTECE;229;31 Place DES COROLLES;Anglet;95644;SA
29/03/2017;828948976;SOC CRAVATES BEVERLEY;4710;9 ALL DE L ARCHE;Niort;67284;SA
01/08/2015;813269511;AAMSET;7360;2 Rue DE COLMAR;Limoges;93896;SA
23/03/2017;828651471;HOTEL DE MORNY;191;37 Boulevard DE LA PAIX;Bastia;22598;SA
01/11/1991;383548609;SOC CYRENE;8;1 Place VICTOR HUGO;Bastia;7879;SARL
11/01/2019;483800553;AAPS AVOCATS;477;71 Boulevard SAINT DENIS;Brive-la-Gaillarde;32638;SA
30/06/2010;428147789;HOTEL DE NEMOURS;132;1 Place DES REFLETS;Chalon-sur-SaÃ´ne;19646;SA
15/10/2001;379583495;SOC CYRIL;186;9 Rue SAINTE MARIE;Pessac;11932;SA
16/02/2015;809683048;AARANI;5;75 Rue DE NORMANDIE;CompiÃ¨gne;13251;SARL
15/07/2016;533405924;HOTEL DE NORMANDIE;1;8 Rue CANTIN;Abbeville;59132;EURL
03/11/2016;530431055;SOC D ALIMENTATION COMMERCIALE;6;2 Avenue DU PARC;Toulouse;84378;SARL
25/12/1995;38892808;AARKA;1;4 Passage DE LA REUNION;Paris;51834;EURL
01/10/2010;528533789;HOTEL DE PASSY;8;10 Rue ALBERT SIMONIN;Lens;14357;SARL
02/05/2018;794620997;SOC D EXP DES TRANSPORTS SELLIER;150;19 Rue ARMAND SILVESTRE;Vichy;31805;SA
29/08/2012;753702620;AARON'S;58;16 Rue DE L HOTEL DE VILLE;Bordeaux;60190;SARL
01/01/2016;818061327;HOTEL DE REIMS HECTOR MALOT;8; Avenue DE L ARCHE;Pontarlier;89513;SARL
14/06/2019;452956337;SOC DAHLIA S HOTEL;4;9 Rue PIERRE LHOMME;Clermont-Ferrand;47176;SARL
28/06/2014;803231422;AARPI  ARAGO;379;50 Rue DU 22 SEPTEMBRE;Champigny-sur-Marne;74485;SA
23/01/2018;834817587;HOTEL DE ROUBAIX;5349;12 Avenue DE L ARCHE;Saint-Dizier;20530;SA
30/05/2011;532773413;SOC DANIEL H PIAT;5332;42 Avenue MARCEAU;Saint-Dizier;23380;SA
09/01/2008;502600893;AARPI  FOLEY HOAG;4671;68 Rue SEGOFFIN;Albi;37313;SA
01/04/2018;839476611;HOTEL DE ROUEN;2671;10 Rue ROUGET DE L ISLE;MontbÃ©liard;47322;SA
03/09/2019;853602241;SOC DASI;34;89 Boulevard DE LA MISSION MARCHAND;Saint-LÃ´;16810;SARL
16/12/2013;799211289;AARPI 2BA AVOCATS;3;7 Rue BAUDIN;Chalon-sur-SaÃ´ne;12608;SARL
01/11/2018;843243700;HOTEL DE SAXE;4;47 Avenue GAMBETTA;MÃ¢con;34495;SARL
08/07/2019;852335165;SOC DAVAL HOTEL;7;293 Boulevard SAINT DENIS;Limoges;41767;SARL
01/01/1995;399590041;AARPI CABINET LANES ET CITTADINI;220;16 Rue PIERRE LHOMME;Bastia;86432;SA
15/01/2011;509242582;HOTEL DE SENLIS PARIS;5;9 ALL DE L ARCHE;Boulogne-Billancourt;78223;SARL
21/12/1983;219200268;SOC DE BAR ET D'ALIMENTAION PATRICK'S;237;  TOUR GAN;Vannes;62846;SA
13/03/1997;411324726;AARPI COTTE & FRANCOIS;207;9 Rue MOULIN DES BRUYERES;AngoulÃªme;83977;SA
02/07/2018;841558745;HOTEL DE SEVRES;9;9 Rue AUGUSTE BAILLY;AngoulÃªme;78751;SARL
05/02/2017;827846601;SOC DE L HOTEL PEYRIS;154;56 Avenue GAMBETTA;Le Petit-Quevilly;18262;SA
11/10/2004;482762481;AARPI FALGA-VENNETIER;7143;4 ALL BOTTICELLI;Rennes;78807;SA
17/12/2011;538546227;HOTEL DE TOURVILLE;4299;7 Rue DU PRESIDENT KRUGER;Levallois-Perret;82416;SA
01/01/2011;533415329;SOC DE L'HOTEL DE LA BOURSE;2737;110 Avenue MARCEAU;Le Puy-en-Velay;27001;SA
09/02/2015;809615701;AARPI FOURNIER LABAT-SIBON ASSOCIES;51;13 Rue BAUDIN;NÃ®mes;51928;SARL
28/06/2019;851744565;HOTEL DE VARENNE;4;15  VLA GHIS;Strasbourg;34784;SARL
01/11/2006;485032882;SOC D'EDITIONS MUSICALES INTERNATIONALES;1;18 Place DES REFLETS;Dieppe;45869;EURL
26/09/2001;439475393;AARPI GATE AVOCATS;35;12 Rue DE L ABREUVOIR;Caen;11139;SARL
14/05/2006;439962663;HOTEL DELAVIGNE;240;8 Square HENRI REGNAULT;ChÃ¢teauroux;48920;SA
01/07/1996;432774446;SOC DENFERT IMMOBILIERE;8;56 Avenue DE L ARCHE;Rennes;45678;SARL
06/07/1992;791775737;AARPI LCG AVOCATS;1537;2 Rue FICATIER;Paris;23138;SA
09/02/2015;798205985;AARPI LIZOP ET ASSOCIES;107;40 Rue KILFORD;Toulouse;47502;SA
12/06/2007;498646439;AARPI MOUNET HUSSON-FORTIN;4;255 Boulevard SAINT DENIS;Perpignan;43883;SARL
08/11/1991;330842618;AARPI STEERING LEGAL;5;85 Rue DE COLOMBES;Haguenau;86247;SARL
22/11/2017;524080132;AASTRIO;6;17 Place DES REFLETS;Troyes;89226;SARL
01/09/2016;822426755;AAU MASTRANDREAS;227;50 Rue LOUIS BLANC;Limoges;1062;SA
28/01/2019;848882411;AAUPC CHAVANNES & ASSOCIES;25;10 Rue DU 22 SEPTEMBRE;Vichy;10379;SARL
25/12/1995;38912119;AAXEN;155;8 Avenue DU PARC;Pontarlier;27482;SA
01/06/1996;407868058;HOTEL DES ARTS CAVAIGNAC;246;3 Rue CHARLES GOUNOD;Brive-la-Gaillarde;40318;SA
28/01/2019;847932175;HOTEL DES CHAMPS ELYSEES;3831;8 Rue MOLIERE;Narbonne;64051;SA
10/05/2016;820122349;HOTEL DES CHEVALIERS;8939;8 Rue DE BEZONS;Strasbourg;97715;SA
01/10/2015;814029955;HOTEL DES DEUX CONTINENTS;37;67 Avenue PUVIS DE CHAVANNES;AlÃ¨s;6446;SARL
18/09/2018;509056263;HOTEL DES GRANDES ECOLES;9;19 Rue BALIAT;ChÃ¢tellerault;97691;SARL
25/04/2017;422281691;HOTEL DES GRANDS HOMMES;4303;56 Rue LAMBRECHTS;Toulon;26503;SA
25/12/1997;38852463;HOTEL DES MARRONNIERS;82;21 Rue PIERRE BROSSOLETTE;Limoges;65978;SARL
15/04/2004;453860876;HOTEL DES MINES;43;61 Rue DE LA SABLIERE;La Rochelle;46793;SARL
15/11/2018;843492877;SOC DES BOWLINGS NORD OUEST PARIS;2;110 Rue DE NORMANDIE;Chalon-sur-SaÃ´ne;68906;SARL
07/04/2011;354079212;SOC DES ETABLISSEMENTS JACQUES CHARTIER;8;21 Rue DES FAUVELLES;Chartres;23529;SARL
01/11/2016;823244959;SOC DES ETABLISSEMENTS PIRIAC;6;20 Rue DE BEZONS;Villeneuve-d'Ascq;30967;SARL
21/06/2018;840524888;SOC DES FEMMES;3;15  PROMENADE PAUL DOUMER;Beauvais;78682;SARL
26/06/2018;842645798;SOC DES GENS DE LETTRES DE FRANCE;6;6 Rue DU REVEREND PERE CLOAREC;Arras;15109;SARL
01/04/2018;840958599;SOC DES REALISATEURS DE FILMS;156;8 Rue SAINTE MARIE;Ajaccio;2463;SA
15/09/2017;831663794;SOC DETOU;197;2 Avenue LEONARD DE VINCI;Saint-Malo;49331;SA
01/10/2018;827635285;SOC D'ETUDES COREDIA;4;61 Rue HENRI REGNAULT;Dole;49253;SARL
02/05/2012;440478659;AAYINI;5;16 Place DE L IRIS;Le Grand-Quevilly;21401;SARL
04/03/2010;520917550;HOTEL DES NATIONS STE AME;2371;21 Boulevard GEORGES CLEMENCEAU;Montpellier;77798;SA
23/01/2017;825207012;SOC D'EXPERT COMPTABLE FIDUCIAIRE UNION;5884;21 Rue DES FAUVELLES;Courbevoie;5115;SA
18/09/2014;804634699;AB 26;5262;3 Avenue LEONARD DE VINCI;Avignon;12423;SA
07/10/2009;512674714;HOTEL DES PROVINCES;1215;34 Rue JEAN BAPTISTE CHARCOT;Cholet;81126;SA
26/01/2018;835032186;SOC DIDIER AARON ET CIE;3924;60 Rue DE BEZONS;BÃ©ziers;58663;SA
01/02/2019;499958460;AB CONSEILS;113;48 Rue DU 22 SEPTEMBRE;Le Havre;23641;SA
05/04/2007;495288003;HOTEL DIANA;2;61 Boulevard DE LA PAIX;Saint-Dizier;20787;SARL
26/05/2016;820578136;SOC DIFFUS PROFES EXPORT MATERIEL;2;40  TERRASSE DE L IRIS;Ã‰vreux;41234;SARL
19/10/2007;412643876;AB ENVIRONNEMENT;9;293 Boulevard SAINT DENIS;Belfort;36273;SARL
01/04/1994;389861147;HOTEL D'ORSAY;205;3 Place CHARRAS;Bastia;33851;SA
01/07/2010;522877117;SOC DISTRIBUTION PARIS GAMBETTA;6;2 Rue ADOLPHE LALYRE;Aulnay-sous-Bois;80411;SARL
10/04/2003;448366971;AB ET ASSOCIES;75;6 Avenue DE LA TERRASSE;Lisieux;90715;SARL
15/04/2013;508805058;HOTEL DRIANCOURT;53; Avenue DE L ARCHE;Montreuil;57117;SARL
15/10/2001;439987421;SOC DISTRIBUTION PARISIENNE;7;33 Place DES COROLLES;Brive-la-Gaillarde;15857;SARL
01/03/2018;838437879;AB HOLDING COMPAGNY;64;50 Rue DU 22 SEPTEMBRE;Calais;6912;SARL
01/12/2015;814702338;HOTEL DU BRABANT;5700;34 Boulevard DE LA PAIX;Cholet;1859;SA
07/10/2014;805364213;SOC DOCUMENTS;1822;10 ALL MOZART;Vannes;36584;SA
23/12/1996;411289838;AB INITIO SOFTWARE;1142;1 Rue PIERRE BROSSOLETTE;Gap;11452;SA
01/03/2019;848070538;HOTEL DU CASINO;178;12 Place DE LA DEFENSE;Montpellier;90527;SA
21/08/2015;812535656;SOC DR JEAN-PHILIPPE MALLET SELARL CHIRURGIEN DENTISTE;3;95 Avenue MARCEAU;Moulins;45002;SARL
15/09/2015;813623055;AB LES SEQUOIAS;9;3 Place CHARRAS;Saint-LÃ´;28793;SARL
20/12/2010;528806565;HOTEL DU CENTRE;193;27 Avenue PASTEUR;Saint-Quentin;81611;SA
20/07/1999;424005510;SOC DU CULTE TRADITIONNEL ISRAELITE;53;39 Rue DE BEZONS;LiÃ©vin;27027;SARL
28/04/2017;829399237;AB MAISON CONFORT;2;9 ALL DE L ARCHE;Marcq-en-Baroeul;42507;SARL
15/09/2018;841973514;HOTEL DU COLLEGE DE FRANCE;674;20 Avenue MARCEAU;Montpellier;23046;SA
24/01/2019;847737616;SOC ECOLE INTERNATIONALE DE THEATRE JACQUES LECOQ;138;88 Rue DES ETUDIANTS;RezÃ©;21327;SA
01/03/2016;819479460;AB MARCADET-DAUTANCOURT (SELARL);2;8 ALL DE L ARCHE;Anglet;61985;SARL
16/03/2010;323459792;HOTEL DU JARDIN DES PLANTES;4; Rue DE BEZONS;OrlÃ©ans;80453;SARL
05/12/2000;422238725;SOC EDEN HOTEL;9;16 Rue CAMILLE SAINT SAENS;Charleville-MÃ©ziÃ¨res;70869;SARL
01/04/2019;849666557;AB NETTOYAGE ET SERVICES;182;56 Avenue DE L ARCHE;Marcq-en-Baroeul;7400;SA
01/07/2010;523880102;HOTEL DU JEU DE PAUME;144;2 Rue ALICE;Belfort;15339;SA
20/09/2017;832173561;SOC EDITION DOCUMENT AGRICOL;194;21 Rue PIERRE LHOMME;OrlÃ©ans;44520;SA
19/10/1980;327706891;AB PROJECT;97;14 Avenue GALLIENI;Vandoeuvre-lÃ¨s-Nancy;85755;SARL
23/06/2017;830561429;HOTEL DU LION;2604;12 Chemin PIERRE DE RONSARD;Bastia;59260;SA
13/07/2018;842295578;SOC EDITIONS ILYFUNET;5950;18 Avenue D ALSACE;Brest;12204;SA
11/09/1998;420131484;AB&AM PARTNERS;103;10 Rue HENRI REGNAULT;Narbonne;15258;SA
27/10/2007;490547494;HOTEL DU LUXEMBOURG;3;88 Rue DES ETUDIANTS;AlenÃ§on;4022;SARL
18/12/1992;389524448;SOC EDMOND PETIT NEGOCE TISSU;2709;71 Boulevard SAINT DENIS;BÃ©ziers;74174;SA
21/04/1999;423182625;AB2H SARL;119;108 Rue DE COLOMBES;Reims;43143;SA
15/03/2018;504044066;HOTEL DU MARAIS HOME;232;25 Avenue MARCEAU;HyÃ¨res;23268;SA
31/03/2017;539063396;SOC ELECTRICITE BATIMENT INDUSTRIE;9;4 Rue LAMBRECHTS;Tarbes;26737;SARL
11/09/2018;842694796;ABA DAN DEPANN;2;43 Avenue PUVIS DE CHAVANNES;OrlÃ©ans;97941;SARL
25/12/1995;39145412;HOTEL DU MINISTERE;5;4 Passage HANRIOT;AlenÃ§on;39151;SARL
06/12/2011;538378050;SOC ELYSEES STYLOS MARBEUF;1;34 Rue HENRI REGNAULT;BÃ©ziers;50813;EURL
01/04/2018;775670532;ABAC CONCEP INVESTIGATIONS;7;9 ALL DE L ARCHE;Saint-Ã‰tienne-du-Rouvray;52673;SARL
14/06/2018;840465918;HOTEL DU MOULIN RUE FONTAINE;37;7 Rue DONATELLO;Saint-Louis;31397;SARL
18/12/2006;493387872;SOC EST HOTEL;149;31 Avenue MARCEAU;Montigny-lÃ¨s-Metz;15828;SA
24/02/1999;414961052;ABACA MESSIDOR HOTEL;7;11 Quai DU PRESIDENT PAUL DOUMER;Dijon;79375;SARL
01/05/2010;510281900;HOTEL DU NORD ET DE L'EST;9;295 Boulevard SAINT DENIS;Saint-Malo;35020;SARL
13/03/2018;798584835;SOC ETABL COUSTOU COULEURS  S0;557;2 Rue SAINTE GENEVIEVE;Forbach;33427;SA
01/07/2014;303457139;ABAKA & CO;6832;39 Rue JULES LEFEVRE PROLONGEE;BesanÃ§on;68922;SA
10/03/2004;438337172;HOTEL DU PANTHEON;7247;54 Rue DE BEZONS;Cambrai;79441;SA
01/12/2016;494801152;SOC ETABLISSEMENTS MONCASSIN;3256;94 Avenue DE LA REPUBLIQUE;Limoges;23975;SA
01/07/2011;520446824;ABAKUS SECURITE;3917;41 Rue DES ETUDIANTS;Vertou;69418;SA
26/04/2004;422641522;HOTEL DU PARC;63;3 Avenue DU PARC;AlenÃ§on;7574;SARL
17/06/1977;312910383;SOC ETS CHADEFAUX;4;6 Square HENRI REGNAULT;Rouen;77253;SARL
07/10/2016;532850328;ABATAEL SERVICES;5;4 Place DE LA DEFENSE;Arras;36034;SARL
20/04/2000;431620517;HOTEL DU PLAT D ETAIN;1;97 Avenue MARCEAU;Bourges;94162;EURL
31/07/2004;433111341;SOC ETUD REALISATION GRAPHIQ;19;102 Avenue MARCEAU;Forbach;74851;SARL
01/10/2018;831529946;ABBYY FRANCE;1;107 Quai MARECHAL JOFFRE;ChÃ¢lons-en-Champagne;7486;EURL
13/11/2001;440167880;HOTEL DU PRINTEMPS REST;27;100 Esplanade DU GENERAL DE GAULLE;Rennes;37566;SARL
11/02/1993;390178135;SOC ETUDE FINANCIERE COMPTABLE;73;45 Rue LOUIS BLANC;Gap;31777;SARL
10/07/2017;831037940;ABC ACCESSOIRES;1;136 Boulevard SAINT DENIS;Aulnay-sous-Bois;29545;EURL
20/09/2016;822493011;HOTEL DU QUAI VOLTAIRE;221;14 Avenue DUBONNET;Brest;67561;SA
04/12/2017;833911993;SOC ETUDES FISCALES JURIDIQUES;8115;20 Rue EDGAR QUINET;Ajaccio;98868;SA
04/04/2013;503775983;ABC DU COIFFEUR 5 (L');3839;180 Rue JEAN BAPTISTE CHARCOT;BesanÃ§on;35780;SA
19/08/2014;510246150;HOTEL DU QUATRIEME ARRONDISSEMENT;3795;24 Rue ARMAND SILVESTRE;Talence;24609;SA
04/03/2011;434076618;SOC EUROPEENNE DE VENTE;100;9 Passage EUGENE BARBIER;Reims;45204;SA
17/12/2014;808615884;ABC EDOUARD PEINTURE;5;12 Place DE LA DEFENSE;Dieppe;10848;SARL
01/01/2009;411354988;HOTEL DUHESME;7;1 Place DES SAISONS;Moulins;66184;SARL
12/06/2018;840348718;SOC EXACT;112;30 Rue EDITH CAVELL;Limoges;71074;SA
18/08/2014;414403477;ABC FENETRES;173;54 Avenue PUVIS DE CHAVANNES;Tournefeuille;55051;SA
06/09/2018;488719642;HOTEL DUMONT BLANC;3;15 Rue CARNOT;Dijon;33336;SARL
01/11/2012;788999522;SOC EXPL DE LA LIBRAIRIE JONAS;1345;11 ALL DES TILLEULS;Nevers;56991;SA
01/01/2000;315251348;ABC MARKETING;100;9 Rue HUDRI;Ã‰vreux;62896;SA
05/10/2001;439911330;HOTEL DUPLEX SUFFREN;9;18 Rue BAUDIN;Saint-Dizier;50083;SARL
01/12/2012;514119387;SOC EXPL ETS FERNANDEZ;6;33 Rue MOULIN DES BRUYERES;HÃ©rouville-Saint-Clair;34201;SARL
22/12/2002;419453881;ABC PORTAGE SERVICES;2;4 ALL BOTTICELLI;Douai;57643;SARL
08/07/2003;451385827;HOTEL DUQUESNE;168;10 Rue DU SERGENT BOBILLOT;Bergerac;35298;SA
01/04/2013;430050641;SOC EXPL HOTEL CLUNY SQUARC;110;47 Rue DU CAPITAINE GUYNEMER;AlenÃ§on;28110;SA
29/03/2018;414942854;ABC+;35;9 Quai DU PRESIDENT PAUL DOUMER;Villenave-d'Ornon;63328;SARL
11/06/2013;793876095;HOTEL EIFFEL SEGUR;131;39 Avenue LEONARD DE VINCI;Angers;27616;SA
25/10/1993;393741723;SOC EXPLOIT DISTRIB PRODUIT AL;1180;47 Avenue DE L ARCHE;Brive-la-Gaillarde;83921;SA
11/03/1991;428437933;ABCD;7553;36 Rue JULES FERRY;Mulhouse;50322;SA
01/01/2017;789873155;HOTEL EIFFEL TROCADERO;246;3 Rue DU DOCT SCHWEITZER;Cambrai;63733;SA
11/03/1991;302990916;SOC EXPLOITATION ETS SOUQUAN;6;71 Avenue DE LA REPUBLIQUE;Charleville-MÃ©ziÃ¨res;20846;SARL
01/01/2008;484385364;ABCD;3415;27 Rue CARLE HEBERT;Vertou;31089;SA
25/02/2018;838537421;HOTEL EIFFEL XV;159;42 Rue LOUIS ULBACH;ChÃ¢tellerault;40345;SA
01/01/1987;428590624;SOC EXPLOITATION GROUPE FERTEL;213;42 Avenue PASTEUR;Ã‰vreux;13844;SA
01/08/2016;822114666;ABC-LIV;6;5 Rue DU PRESIDENT KRUGER;Saint-Herblain;35745;SARL
01/11/2017;833090673;HOTEL ELYSEES BASSANO;3;36 Avenue PUVIS DE CHAVANNES;Dijon;26354;SARL
28/05/2018;840294177;SOC EXPLOITATION MERSON;1;27 Rue D ESTIENNE D ORVES;AngoulÃªme;17847;EURL
01/05/2001;437577307;ABD EXPANSION;7;1 Rue DE BITCHE;Agen;29099;SARL
01/02/2018;840560635;HOTEL EMPIRE;5;6 ALL DE L ARCHE;Pontarlier;94007;SARL
01/03/2019;848883427;SOC EXPRESS BAR CHAMPS ELYSEES;69;18 Rue BAUDIN;Noisy-le-Grand;20328;SARL
10/11/2009;518312186;ABDI;15;130 Boulevard DE VERDUN;BesanÃ§on;41729;SARL
01/02/1998;417902806;HOTEL ETOILE TROCADERO;3;7 Rue CAMILLE SAINT SAENS;Blois;727;SARL
24/12/2010;484984661;SOC FAIT BRUEL ET DELMAS;4;2 Rue DE COLMAR;Courbevoie;90039;SARL
26/04/2017;829469212;ABDP CONSEILS;831;7 Avenue DU CHATEAU DU LOIR;Rennes;62571;SA
01/12/2018;324118702;HOTEL ETOILE WAGRAM;7627;13 Place DES DOMINOS;Tours;59587;SA
01/08/2011;533834487;SOC FAW;5725;16 Rue CARLE HEBERT;Le Puy-en-Velay;56545;SA
22/03/2018;832282164;ABEILLE DRAPEAUX EX BERTHOU;1393;15 Rue VICTOR HUGO;Tours;45577;SA
18/02/2010;520678145;HOTEL EUROPE SAINT SEVERIN;4879;49 Rue DE COLOMBES;Rueil-Malmaison;71206;SA
09/02/1991;381742774;SOC FIDUCIAIRE DE LUYNES;192;40 Rue DE L ALMA;BÃ©thune;13811;SA
08/03/2017;829258417;ABEILLE IMMOBILIER;6;73 Avenue GAMBETTA;Dole;95095;SARL
01/09/2006;483167813;ABELIA SOCIETE NOUVELLE;5; Quai DU PRESIDENT PAUL DOUMER;MontbÃ©liard;88341;SARL
21/05/2019;851150854;HOTEL EXCELSIOR;4;29 Rue KILFORD;Ã‰vreux;81720;SARL
14/12/2005;487708752;HOTEL EXCELSIOR OPERA;166;60 Avenue JOFFRE;Toulon;63991;SA
01/10/2009;500128798;SOC FIDUCIAIRE REVISION CONTROLE GESTION;9;99 Rue DE COLOMBES;Castres;34806;SARL
06/06/2018;840531289;SOC FINANCIERE ET IMMOBILIE PETROFRANCE;213;29 Avenue MARCEAU;Metz;2358;SA
06/02/2015;809608292;ABERGEL ET ASSOCIES;176;16 Place DE L IRIS;AngoulÃªme;50925;SA
03/11/2017;833181969;HOTEL FLANDRE LES TROIS COLLEGES;2;21 Rue PIERRE BROSSOLETTE;ChÃ¢lons-en-Champagne;55089;SARL
19/02/2002;219200268;SOC FINANCIERE INDUST COMMERCIAL IMMOBIL;234; ALL BERNARD PALISSY;Poitiers;83232;SA
16/08/2005;483772679;ABG PARTNERS;6794;2 Rue DE SEBASTOPOL;BÃ©ziers;88861;SA
09/11/2018;844149047;HOTEL FRANCE ALBION;2372;100 Esplanade DU GENERAL DE GAULLE;Toulouse;82674;SA
04/05/2011;532247483;SOC FR D'EQUIPEMENT HOSPITALIER;1502;9 Rue AMBROISE THOMAS;Saint-Dizier;24551;SA
01/01/2003;399488873;ABHEURT;195;39 Avenue PASTEUR;MÃ¢con;10379;SA
22/07/2013;429361751;HOTEL GAVARNI;2;50 Rue D ESTIENNE D ORVES;Rouen;90758;SARL
28/02/2017;827620212;SOC FR INVESTI IMMOBIL INDUSTRIELS;8;55 Avenue DE L EUROPE;Pau;88628;SARL
01/03/1991;348156001;ABIHSSIRA;52;32 Boulevard DE LA PAIX;Vichy;84853;SARL
23/11/2012;789929387;HOTEL GEORGE;143;67 Rue VICTOR HUGO;MÃ¢con;77308;SA
28/06/2016;798450706;SOC FRANC DE PHYSIQUE;7;29 Rue GAULTIER;Montpellier;61;SARL
10/06/1996;384636015;ABITAN SERVICES;2805;60 Boulevard DE LA PAIX;Lisieux;93517;SA
01/12/2009;518774286;HOTEL GEORGE WASHINGTON;57;4 Rue BLONDEL;Vannes;17010;SARL
03/08/2017;831528690;SOC FRANC OPTIQUE LUNETTERIE;3;4 ALL BOTTICELLI;Rodez;7174;SARL
10/11/2003;450846274;ABITBOL 5 SARL;2;117 Rue ARMAND SILVESTRE;Brest;632;SARL
10/10/2015;817787948;HOTEL GRAMONT;3;3 Avenue SEVERINE;Caen;58530;SARL
06/01/2010;519912992;SOC FRANCAISE D OPHTALMOLOGIE;71;4 ALL BOTTICELLI;Cholet;96768;SARL
25/12/1995;38884136;ABIVAX;123;9 Rue DE L ABREUVOIR;Ajaccio;84548;SA
01/01/1900;811549633;HOTEL HELUSSI;129;10 Rue DE BEZONS;HyÃ¨res;18430;SA
01/01/1997;428553929;SOC FRANCAISE DE CARDIOLOGIE;216;16 Rue MADIRAA;Perpignan;73805;SA
05/07/2006;493255772;ABM;2170;1 Place SAMUEL DE CHAMPLAIN;Nantes;3254;SA
01/09/2013;794788190;HOTEL HENRI IV;5026;82  GALERIE DES DAMIERS;Abbeville;77765;SA
20/03/2017;828507996;SOC FRANCAISE DE TEXTILES;136;43 Boulevard DE VERDUN;Bastia;22300;SA
27/07/1992;388269383;ABM ALIMENTATION;5;141 Rue JEAN BAPTISTE CHARCOT;Sens;11783;SARL
30/11/1995;348978982;HOTEL IMPERIAL;1141;20 Rue DES LILAS D ESPAGNE;Boulogne-sur-Mer;52597;SA
01/01/2001;434367124;SOC FRANCAISE FOYERS ECONOMIQUES;185;11 Rue LOUVAIN;Vannes;85442;SA
01/01/2011;529294647;"""SPINOSI, SUREAU"" SOCIETE CIVILE PROFESSIONNELLE D'AVOCATS ASSOCIES AUPRES DU CONSEIL D'ETAT ET DE LA COUR DE CASSATION";64;36 Place DES SAISONS;Orvault;54130;SARL
01/08/1984;428499677;202 ECOMMERCE;9;70 Rue SEGOFFIN;Dole;24375;SARL
01/12/2003;451239628;3 AY;7;6 ALL MOZART;Bastia;32710;SARL
24/10/2014;807391438;A 5 A ARCHITECTES;4;7 Rue BAUDIN;AsniÃ¨res-sur-Seine;69942;SARL
01/10/2015;813409240;ABM ORKESTRA;8;41 Rue DU CAPITAINE GUYNEMER;Montreuil;42054;SARL
01/07/2015;533084547;HOTEL ISTRIA;6;51 Rue DE BEZONS;Belfort;61974;SARL
26/12/1990;339669137;SOC FRANCAISE MICROBIOLOGIE;240;142 Rue JP TIMBAUD;ChÃ¢tellerault;39854;SA
01/03/1995;400803607;&SENS;58;193 Rue ARMAND SILVESTRE;HÃ©nin-Beaumont;92233;SARL
03/03/2014;800280034;208 GRENELLE;2;106 Rue ARMAND SILVESTRE;Dole;54530;SARL
01/11/2018;843163262;3 BIS ARCHITECTURE INTERIEURE;4;84 Avenue MARCEAU;Bayonne;78955;SARL
15/07/2011;509154431;A A FERARU;308;21 Rue PIERRE BROSSOLETTE;Ajaccio;45153;SA
01/04/1985;431180413;ABMO;5262;295 Boulevard SAINT DENIS;Soissons;77656;SA
12/04/2019;850034273;HOTEL JARDIN DE CLUNY;5455;29 Rue ARMAND SILVESTRE;Vernon;63650;SA
18/03/2019;850287475;SOC FRANCAISE NETTOYAGE;2236;5 Place DE L IRIS;Auxerre;4827;SA
01/03/1996;408183184;@ NET.LIVE;3455;39 Rue LOUIS BLANC;PÃ©rigueux;43651;SA
04/09/2017;500525761;@MARK;115;19 Avenue DUBONNET;Villenave-d'Ornon;94819;SA
01/10/2001;439353855;217 RP;2;8 Rue DE SEBASTOPOL;Nancy;44471;SARL
06/10/2016;822949046;22Â°;1;1 Avenue MALVESIN;Beauvais;77346;EURL
20/08/2007;499357705;3 IC INTERNATIONAL;5;77 Quai MARECHAL JOFFRE;Abbeville;26044;SARL
20/08/2018;824555148;3 KLES CONSULTING;35;3 Place CHARRAS;Bourges;22740;SARL
01/04/2010;402077325;A A Z ELECTRICITE;7;1 ALL JACQUES HENRI LARTIGUE;Pessac;61113;SARL
20/10/2018;844088534;A B DEVELOPPEMENT;76;16 Rue DU PRESIDENT KRUGER;Laval;8337;SARL
15/06/2004;420705659;ABP GROUPE;49;102 Rue DE COLOMBES;La Roche-sur-Yon;98680;SARL
29/06/1999;431936020;ABR;8;4 Rue MOLIERE;Marseille;31039;SARL
20/01/2012;793113093;HOTEL JOKE;139;35 Boulevard SAINT DENIS;Laon;82440;SA
01/01/2000;417948254;HOTEL JUGE;7729;9 ALL DE L ARCHE;Brive-la-Gaillarde;53334;SA
18/04/2016;521119321;SOC FRANCAISE PROMOTION ARTISTIQUE;4230;21 Rue PIERRE BROSSOLETTE;Le Havre;10421;SA
09/10/2017;839775780;SOC FRANCAISE TRANSPORTS GONDRAND FRERES;3694;51 Rue LAMBRECHTS;Tournefeuille;58186;SA
20/11/2019;879319242;01NET MAG;23;17 Boulevard GEORGES CLEMENCEAU;Saintes;99066;SARL
06/10/1993;393474598;10 MESSINE;7;3 Place DES FAUVELLES;Tarbes;54034;SARL
01/09/2018;842051450;100 000 ENTREPRENEURS;7;19 Rue PIERRE CURIE;Castres;61288;SARL
23/06/1998;419360813;100% SERVICES PARIS;80;110 Avenue MARCEAU;Biarritz;21615;SARL
01/02/2007;494252539;100%ZEN;175;20 Rue DE BEZONS;CompiÃ¨gne;32816;SA
31/08/2005;484058870;22FSP;4;56 Boulevard DE VERDUN;Tournefeuille;47895;SARL
26/10/2009;440126365;23 DE ENERO;1718;4 Rue ROUGET DE L ISLE;AngoulÃªme;30713;SA
01/04/2007;326981099;24 IP LAW GROUP FRANCE;204;13 Rue PARMENTIER;Lille;88936;SA
01/12/2015;388358905;24/7 MEDIA;4;8 Rue LOUVAIN;LiÃ©vin;11739;SARL
20/11/2018;844192591;2A;8;17 Rue DES ETUDIANTS;Salon-de-Provence;3377;SARL
01/06/2004;410210413;3 KLES SERVICES;1;3  PARC DE LATTRE DE TASSIGNY;Chalon-sur-SaÃ´ne;50281;EURL
01/07/2002;444608566;3 L EXPERT;203;53 Rue VICTOR HUGO;Colmar;47570;SA
01/04/2017;539456368;3 V FINANCE;23;15 Rue DE NORMANDIE;Le Petit-Quevilly;75686;SARL
01/09/2005;199222951;30 PARIS SAUFFROY;176;33 Boulevard GEORGES CLEMENCEAU;Pontarlier;70789;SA
02/05/2016;820527208;310 SAINT HONORE;136;43 Boulevard DE VERDUN;Aurillac;32808;SA
01/01/1979;408686962;A C B POINT CARTOUCHES;3304;107 Quai MARECHAL JOFFRE;Tours;34896;SA
25/04/2005;384178604;A C C;8514;17 Rue CARLE HEBERT;Vichy;4528;SA
27/08/2015;813274339;A C C OPTIC;228;82  GALERIE DES DAMIERS;Nancy;21414;SA
08/04/2019;878300086;A C F G;5;11  VLA CHAMBON;Vernon;30190;SARL
13/04/2015;811409648;A C S  FRUITS;1774;37 Rue DE L INDUSTRIE;Vitrolles;4412;SA
25/12/1995;39147749;ABRACADABRA;182;8 Rue ROUGET DE L ISLE;Ajaccio;70274;SA
11/02/2008;502379449;ABRD;248;56 Rue VICTOR HUGO;Quimper;50699;SA
01/04/2013;442764379;ABSOLUT SCOOT;7;15 Place DES COROLLES;Orvault;94268;SARL
20/03/2017;828497933;ABSOLUTE OFFICE;4;32 Rue BAUDIN;Sarreguemines;49496;SARL
05/04/2006;490518370;ABSOLUTE PC;8;40  TERRASSE DE L IRIS;Bastia;75936;SARL
02/01/2011;817723869;HOTEL KENSINGTON;9;33 Boulevard SAINT DENIS;Reims;75032;SARL
05/12/2005;480304344;HOTEL LA BOURDONNAIS;8;32 Avenue DE L ARCHE;Ajaccio;84852;SARL
24/03/2011;532029980;HOTEL LA PERLE DE PARIS;15;12 Chemin PIERRE DE RONSARD;Ajaccio;84355;SARL
13/05/2013;792961278;HOTEL LANGLOIS SA;93;44 Rue EDITH CAVELL;Boulogne-Billancourt;25503;SARL
14/09/2012;423402312;HOTEL LE LAPIN BLANC;2;15 Rue DE L HOTEL DE VILLE;AngoulÃªme;128;SARL
19/02/2018;448911511;SOC FRANCK ET FILS;7;125 Boulevard SAINT DENIS;Cagnes-sur-Mer;78715;SARL
11/01/2014;799062476;SOC FUSA PROTECTION;868;14 Rue DE DIEPPE;Clermont-Ferrand;50639;SA
01/11/2008;508827391;SOC GARAGE SAINT GEORGES;7787;20 Rue DE BEZONS;Limoges;81087;SA
01/12/2011;537861742;SOC GENACO;8058;100 Esplanade DU GENERAL DE GAULLE;Aurillac;42899;SA
10/11/2011;535266365;SOC GEORGES MONET;3141;7 Rue HUDRI;Nice;61770;SA
07/02/2019;848103941;1000 ET UNE COURSES;1902;23 Rue PIERRE CURIE;Calais;75568;SA
12/12/2005;450307947;2B FINANCE ET CONSEILS;226;12 Rue DU REVEREND PERE CLOAREC;Troyes;57731;SA
22/06/2010;523670495;32 HOCHE;8;10 Rue PIERRE LHOMME;Lorient;66451;SARL
01/01/1988;702002221;A D H SAINT CIRE;6;1 Place JEAN MILLIER;La Rochelle;23334;SARL
25/08/2008;508511755;ABSOLUTE SCOOTERS;7;20 Rue DU PRESIDENT KRUGER;Ajaccio;24254;SARL
27/08/1999;424752533;HOTEL LE MULHOUSE;121;12 Rue EUGENE CARON;BesanÃ§on;50687;SA
02/05/1994;348633462;SOC GESTION D'ESPACES EVENEMENTIELS;2;44 Rue DE L ALMA;Dole;80831;SARL
18/11/2015;814840872;100EME ETAGE;23;8  VLA DES FLEURS;HyÃ¨res;25084;SARL
01/06/2010;522720812;2CLN;229;4 Rue DU REVEREND PERE CLOAREC;ChÃ¢tellerault;82224;SA
09/11/2018;844159459;33 RUE LA FAYETTE TENANT SAS;8;8 Rue ROUGET DE L ISLE;Vierzon;34143;SARL
01/09/2007;499736791;A D NOVA;249;3  VLA DES GENETS;La Rochelle;91421;SA
01/11/2015;814815494;ABSTRIUM;8765;3 Place DES FAUVELLES;Saint-Dizier;67567;SA
10/04/2012;492972252;HOTEL LE SWANN;1320;76 Boulevard SAINT DENIS;Montauban;21045;SA
01/10/2011;534886072;SOC GESTION DU LUTETIA;3720;147 Rue JP TIMBAUD;Beauvais;87238;SA
01/04/2011;441165370;109*;166;333 Boulevard SAINT DENIS;Montigny-lÃ¨s-Metz;92290;SA
01/09/2016;403701857;2DKS;4;19 Avenue LEONARD DE VINCI;Tournefeuille;74288;SARL
01/02/2011;529609794;360 CAPITAL PARTNERS;2;1 Rue JEAN MOULIN;Nantes;60967;SARL
30/11/2006;451329817;A DEMAIN;216;51 Rue DE BEZONS;Pontarlier;80469;SA
01/12/2018;853042224;ABTO;18;125 Boulevard SAINT DENIS;Rueil-Malmaison;29950;SARL
07/02/2018;837757681;HOTEL LENA;9;137 Avenue DE LA REPUBLIQUE;AsniÃ¨res-sur-Seine;61224;SARL
01/04/2007;348072109;SOC GESTION REALISATION COMPTABLE;3767;34 Rue HENRI REGNAULT;Laval;8854;SA
12/12/2006;431644798;12 Z;119;70  GALERIE DES DAMIERS;Lanester;36199;SA
27/06/2018;810133561;2GY;9;1 Rue ALFRED DE VIGNY;Ajaccio;824;SARL
02/12/2008;509332029;369 SASU;3;43 Rue DES ETUDIANTS;Douai;29472;SARL
25/04/2019;811300375;A E P STE MARTHE;4;16 Place DE L IRIS;PÃ©rigueux;7142;SARL
09/11/2015;814934915;ABTRADE;86;153 Rue JEAN BAPTISTE CHARCOT;Laon;42584;SARL
23/11/2009;434024477;HOTEL LEOPOLD;17;20 Rue DE BEZONS;Cambrai;12320;SARL
06/05/2016;820541357;SOC GRAND GARAGE DU FAUBOURG;74;28 Rue DE BELFORT;Belfort;84465;SARL
24/03/2014;502591399;123 APPLICATIONS SARL;69;73 Avenue GAMBETTA;JouÃ©-lÃ¨s-Tours;56012;SARL
01/01/1988;438056368;2HAMIAU;2904;11 ALL DES TILLEULS;Tourcoing;80799;SA
24/08/2004;478315583;37 LOGISTICS;7841;16 Place DE L IRIS;Lisieux;27210;SA
08/07/2016;821681970;A ET B ARCHITECTES;91;25 Rue DES ETUDIANTS;Saint-Ã‰tienne-du-Rouvray;66188;SARL
16/01/2018;834944688;ABUSTY;4;14 Avenue GALLIENI;Boulogne-sur-Mer;87157;SARL
20/07/2010;524135878;HOTEL LIBERIA;1943;7 Avenue PUVIS DE CHAVANNES;Castres;23912;SA
27/07/2018;841448202;SOC GRAND HOTEL DE PARIS;44;293 Boulevard SAINT DENIS;Beauvais;64113;SARL
17/01/2014;527862460;123BILLETS;105;4 Rue EDITH CAVELL;RezÃ©;97416;SA
18/09/2006;492513346;2L BATIMENT;1;16 Rue DES LILAS D ESPAGNE;Colmar;10964;EURL
02/03/2017;828899112;3977 CONTRE LA MALTRAITANCE;1;13 Chemin PIERRE DE RONSARD;Calais;6090;EURL
01/07/2003;449060342;A ET L 15;7;5 Rue PAUL NAPOLEON ROINARD;Vertou;89666;SARL
20/09/2013;430347161;ABV CONSULTANTS;6;20 Rue GAULTIER;LiÃ©vin;73375;SARL
02/04/2019;849942636;HOTEL LITTRE;3;53 Avenue DE L ARCHE;Bastia;42722;SARL
18/09/2007;500238241;SOC GRAND HOTEL LAFAYETTE BUFFAULT;79;47 Avenue GAMBETTA;Lisieux;17256;SARL
01/07/2019;849598917;137 BLVD;98;83 Boulevard DE LA MISSION MARCHAND;Bastia;72489;SARL
25/12/1995;43829936;2L RESTO;6;32 Rue GAULTIER;Bayonne;50973;SARL
09/04/2018;838732238;3A CONSEIL;9;110 Esplanade DU GENERAL DE GAULLE;Nantes;31872;SARL
21/03/2018;838440287;A ET L7;4552;2 Rue BAUDIN;Bayonne;59411;SA
01/09/2016;822949327;ABV LEGAL;8569;57 Rue ARMAND SILVESTRE;MontluÃ§on;24814;SA
03/07/2018;840342992;HOTEL LOUISON;7967;51 Avenue LEONARD DE VINCI;Brive-la-Gaillarde;17257;SA
01/09/2016;835061979;SOC GRAND HOTEL MODERNE;1431;49 Avenue PASTEUR;Blois;651;SA
02/01/2008;501379705;14 TRANS;3234;31 Rue DES FAUVELLES;Salon-de-Provence;24046;SA
03/01/2011;519570717;2M & ASSOCIES;136;18 Rue DE SEBASTOPOL;Limoges;88216;SA
10/05/2016;820853877;3A DEVELOPPEMENT;3;105 Rue ARMAND SILVESTRE;JouÃ©-lÃ¨s-Tours;23447;SARL
24/02/2015;809801483;A F M D;5;88 Rue DE COLOMBES;Marseille;98833;SARL
01/10/2010;524723129;ABVENT R & D;5;2 Place JEAN MILLIER;Rouen;91392;SARL
01/01/1984;784546921;HOTEL LOUVRE RIVOLI;249;1 Rue PIERRE BROSSOLETTE;Maubeuge;21162;SA
16/06/2008;451117287;SOC GRAND HOTEL UNIVERS;2;10 Rue EUGENE CARON;Ajaccio;2266;SARL
22/02/2019;848663894;142 CREPERIE CONTEMPORAINE;72;88 Rue DES ETUDIANTS;Villeneuve-d'Ascq;76019;SARL
01/12/2012;789743283;2MA OPTIQUE;243;67 Avenue PUVIS DE CHAVANNES;Nevers;79080;SA
25/12/1995;43902469;3AO PATRIMOINE EXPERTISE;9;34 Rue DE COLOMBES;Limoges;64413;SARL
01/06/2016;492028451;A FORTIORI;209;51 Rue DU CAPITAINE GUYNEMER;Moulins;82436;SA
24/06/2008;507495349;ABY PIZZA;5345;31 Avenue LEONARD DE VINCI;ChÃ¢tellerault;32085;SA
01/10/2015;482080751;HOTEL MADELEINE HAUSSMANN;263;17 Boulevard DE VERDUN;Rouen;17291;SA
01/01/1997;411194632;SOC HELP TAXIS;4268;100 Esplanade DU GENERAL DE GAULLE;Colmar;40033;SA
01/06/2006;453144818;1630 CONSEIL;11;5 Rue KILFORD;Le Mans;20139;SARL
20/10/2010;477930283;2MDA;8;10 Rue DES LILAS D ESPAGNE;Vernon;30690;SARL
15/10/1995;400408233;3C ASSOCIES;1;12 Rue BAUDIN;BesanÃ§on;57966;EURL
20/11/2000;433578515;A G H;106;16 Rue EDITH CAVELL;Paris;75601;SA
13/05/2019;850952615;ABYS MARKET;28;21 Boulevard DE VERDUN;Sens;54251;SARL
15/09/2009;515058634;HOTEL MADELEINE PLAZA;8;51 Avenue LEONARD DE VINCI;Charleville-MÃ©ziÃ¨res;47883;SARL
15/10/2018;843450776;SOC HISTOR LITTER POLONAISE;1607;108 Avenue DE LA REPUBLIQUE;Bordeaux;24135;SA
03/09/2016;822391421;19 JEAN JAURES;229;31 Boulevard DE VERDUN;Reims;78425;SA
01/01/1900;785353186;19 MAI PRESSE;9;67 Rue EUGENE CARON;Bastia;83379;SARL
23/12/1987;343779690;2MM;4;16 Place DE L IRIS;Le Cannet;97333;SARL
11/06/2013;483683777;2MOSS;9;217 Boulevard SAINT DENIS;Carcassonne;2127;SARL
09/11/2000;352007363;3C AVOCATS;30;12 Rue DU 22 SEPTEMBRE;Ã‰vreux;8826;SARL
01/07/2002;822388138;3CSDIS;31;100 Rue DE COLOMBES;Rennes;11510;SARL
06/01/2017;832525901;4 D;28;23 Avenue GALLIENI;Chalon-sur-SaÃ´ne;86219;SARL
01/03/1983;431825017;4 EN 1;217;20 Avenue ANDRE PROTHIN;Montauban;43719;SA
01/07/1999;409611274;A GOOD START IN FRANCE;4823;53 Rue VICTOR HUGO;Pontarlier;25167;SA
20/02/2015;793704164;A HOUSE OF PRINT;8390;12 Chemin PIERRE DE RONSARD;La Rochelle;59926;SA
10/11/2017;445276348;AC L'EDEN;119;67 Rue DE STRASBOURG;Ã‰pernay;69470;SA
24/02/2017;827967852;AC M&S;9;4 Avenue D ALSACE;Belfort;48436;SARL
01/12/2010;528649395;HOTEL MARAIS GRANDS BOULEVARDS;942;187 Boulevard SAINT DENIS;Agen;87940;SA
17/09/2015;813691342;HOTEL MARCEAU BASTILLE;36;17 Rue LOUIS ULBACH;Saint-DiÃ©-des-Vosges;16157;SARL
01/03/2013;792866071;SOC HOBAL;189;43 Avenue MARCEAU;Le Havre;40625;SA
06/02/2001;435269527;SOC HOTEL AMINA;3;130 Rue JEAN BAPTISTE CHARCOT;PÃ©rigueux;94609;SARL
06/03/2008;503000085;1PAX;6;2 Square HENRI REGNAULT;Bastia;20167;SARL
18/03/2004;453258469;2MY+;3;41 Rue LOUIS BLANC;Reims;43662;SARL
01/08/2013;792924441;3D MAQ;7;95 Avenue DE LA REPUBLIQUE;Bastia;4289;SARL
05/09/2000;433152261;4 F INTERNATIONAL;9;59 Boulevard DE VERDUN;Strasbourg;5169;SARL
01/01/2012;523539260;A I R F L E X;53;60 Rue DE BEZONS;Creil;62025;SARL
15/10/2015;813900370;AC MONTPARNASSE;242;10 Villa STE CECILE;Roubaix;51113;SA
01/01/2007;423055912;HOTEL MAXIM QUARTIER LATIN;1;9 Rue SAINTE MARIE;Argenteuil;63297;EURL
23/11/2009;432099059;SOC HOTEL AVIA;7;63 Rue DE LA SABLIERE;Saint-Quentin;3159;SARL
15/05/2016;820216067;2 A RESTAURANTS;4809;55 Rue DES ETUDIANTS;Villeneuve-d'Ascq;12656;SA
01/04/2014;413730714;2PMD AUSTRALIA;5320;24 Rue DE BELFORT;Saint-Brieuc;95827;SA
23/03/2016;819964958;3D SOFT;8224;61 Rue HENRI REGNAULT;Creil;58506;SA
01/02/2017;552113771;4 MY PEOPLE;1376;10 Rue DES LILAS D ESPAGNE;Castres;38530;SA
29/06/2017;818459190;A J C INGENIERIE;2684;18 Rue CARLE HEBERT;Biarritz;72586;SA
11/10/2005;484571419;AC SUCRE;135;63 Rue ARMAND SILVESTRE;Perpignan;45707;SA
01/08/2016;821839735;HOTEL MAYFAIR;1;4 Rue MOLIERE;LiÃ©vin;13853;EURL
09/07/2018;842944878;SOC HOTEL BALMORAL;9;199 Boulevard SAINT DENIS;Blois;5599;SARL
21/10/2009;421624073;2 B O;5;39 Avenue PUVIS DE CHAVANNES;Angers;24294;SARL
16/07/2012;752936062;2 C FINANCE;158;51 Rue EDITH CAVELL;Montauban;30177;SA
01/01/2009;835309881;2THELOO FRENCH GROUP;5;1 Place RAPHAEL;Brive-la-Gaillarde;46850;SARL
22/02/2019;848606877;2Y MEDIA;155;14 Rue DE ROUEN;Saint-LÃ´;63115;SA
01/01/2018;841048630;3H;235;111 Rue RAYMOND RIDEL;Dunkerque;82515;SA
17/04/2019;825115306;3P1C;2;82 Rue DES ETUDIANTS;Bastia;70997;SARL
01/11/2018;843906694;4 ROUES SOUS 1 PARAPLUIE SAS;185;11 Rue JEAN MOULIN;Lunel;65645;SA
29/08/2012;753702406;4 SUCCESS;6398;56 Rue GAULTIER;Bayonne;24009;SA
01/06/2019;851981977;A JAMAIS LES PREMIERS;2190;20 Avenue ANDRE PROTHIN;Troyes;90366;SA
01/04/2013;791698012;A K SARL;4843;6 Rue KLEBER;Caen;72073;SA
01/10/2014;423329259;AC&O;28;45 Avenue PUVIS DE CHAVANNES;Ajaccio;64081;SARL
08/10/2015;813951282;ACACIAS ETOILE;5;57 Avenue GAMBETTA;Ajaccio;60638;SARL
14/06/2016;821672417;HOTEL MERCEDES;8;19 Avenue DUBONNET;Bastia;74545;SARL
18/03/2016;479211559;HOTEL MESLAY REPUBLIQUE;193;19 Rue SAINTE GENEVIEVE;Brive-la-Gaillarde;5063;SA
03/04/2017;828954636;SOC HOTEL BELFAST;151;2 Place JEAN MILLIER;Anglet;2915;SA
01/01/2004;451437099;SOC HOTEL BRESCIA;4;9 ALL DE L ARCHE;HÃ©rouville-Saint-Clair;72332;SARL
18/02/2009;510493406;2 CF NET;289;1 Square LEON DE BERTALOT;Orvault;46134;SA
20/10/2017;832788012;3PR SARL;233;42 Rue LOUIS ULBACH;Mulhouse;62454;SA
01/07/2019;522739234;43 MONTMARTRE;2;1 Rue AUGUSTE BEAU;AlÃ¨s;93314;SARL
25/11/2015;815361621;A LA BONNE HEURE;9;29 Rue HOCHE;Ajaccio;32278;SARL
19/09/2017;832607790;ACADEMEIE MUSICALE DU 13EME  ARRT;9;9 Rue BALIAT;Lorient;74053;SARL
15/11/2017;809284177;HOTEL MICHEL MONTPARNASSE;191;1 Place SAMUEL DE CHAMPLAIN;Reims;77566;SA
08/08/2018;841674625;SOC HOTEL BRISTOL TOURISME;52;20 Rue DU 22 SEPTEMBRE;Saumur;42416;SARL
01/08/1996;409070075;2 DEA;20;119 Rue ARMAND SILVESTRE;Tournefeuille;67687;SARL
26/10/2017;833172422;3W ACADEMY;239;22 Avenue GALLIENI;Nanterre;19457;SA
08/07/2016;821428562;48 RUE MONTMARTRE SARL;1530;39 Rue LOUIS BLANC;NÃ®mes;15952;SA
13/08/2019;853255735;A LA BONNE MENAGERE;8738;22 Rue DES LILAS D ESPAGNE;Laon;77104;SA
09/10/2018;843485699;ACADEMIE DE CHIRURGIE;48;48 Rue DU CAPITAINE GUYNEMER;Ã‰vreux;6110;SARL
01/04/1996;412217309;HOTEL MIRABEAU EIFFEL;8;56 Avenue DE L ARCHE;BÃ©ziers;56133;SARL
04/10/2017;833382294;SOC HOTEL CHAPLAIN;1287;4 Rue DES SALLES;Angers;74215;SA
30/08/1999;425000866;2 HS CONSULTANTS;64;53 Rue FRANKLIN;Reims;58390;SARL
01/01/2012;539477166;2 S COSMETIQUE;131;4 Rue KLEBER;Montpellier;67439;SA
30/06/2018;442803102;3W COMPUTER;2;7 Rue DE VISIEN;Auxerre;48910;SARL
04/04/2016;421295007;4 A INTERNATIONAL;3;16 Place DE L IRIS;AlenÃ§on;45452;SARL
